"","Ref","B3LYP","B97-1","BH&HLYP","BLYP","CAM-B3LYP","LC-Ï‰PBE","PBE","PBE0","PW86PBE"
"lih",-29.015,-28.795,-30.815,-29.605,-28.975,-28.505,-30.93,-31.295,-31.675,-30.835
"ch2sing",-60.31,-60.4066666666667,-61.3833333333333,-62.02,-60.65,-60.66,-62.5433333333333,-61.0133333333333,-61.9033333333333,-61.4166666666667
"ch4",-84.066,-84.008,-85.258,-85.288,-84.812,-83.808,-84.898,-84.204,-84.658,-85.224
"nh3",-74.495,-73.8425,-75.21,-76.5825,-73.6475,-73.8175,-75.3925,-73.585,-75.3225,-74.345
"h2o",-77.5866666666667,-78.3133333333333,-79.1533333333333,-81.9866666666667,-77.7266666666667,-77.99,-79.14,-77.19,-79.5833333333333,-78.81
"hf",-70.695,-71.845,-72.49,-75.63,-70.965,-71.415,-72.14,-70.46,-73.005,-72.315
"sih2sing",-50.6233333333333,-50.32,-51.3333333333333,-51.0533333333333,-50.88,-50.4266666666667,-52.7166666666667,-52.19,-52.4233333333333,-52.67
"sih4",-64.464,-64.564,-65.82,-64.678,-65.73,-64.246,-65.816,-66.572,-66.216,-67.304
"ph3",-60.485,-60.1925,-61.445,-61.235,-60.7675,-60.2325,-62.5325,-61.5775,-62.0125,-62.4525
"sh2",-60.9966666666667,-61.6633333333333,-62.3166666666667,-63.1933333333333,-62.0833333333333,-61.71,-63.23,-61.62,-62.3733333333333,-62.9933333333333
"hcl",-53.62,-54.945,-55.15,-56.455,-55.23,-54.94,-55.79,-54.235,-54.99,-55.675
"li2",-12.165,-13.885,-13.685,-14.165,-13.945,-13.78,-14.985,-14.225,-14.645,-14.495
"lif",-68.99,-69.845,-70.51,-74.3,-68.115,-68.8,-69.985,-68.86,-72.41,-69.115
"c2h2",-101.42,-102.1375,-102.4925,-105.9075,-101.6725,-102.03,-102.675,-99.2725,-101.8625,-100.5225
"c2h4",-93.9433333333333,-94.0883333333333,-94.73,-96.3033333333333,-94.5016666666667,-93.8566666666667,-94.68,-92.7233333333333,-94.0033333333333,-94.0416666666667
"c2h6",-89.045,-89.22125,-90.00375,-90.6525,-90.10625,-88.8075,-89.45375,-88.5775,-89.165,-89.92875
"hcn",-104.3,-104.336666666667,-104.48,-110.813333333333,-102.03,-104.52,-105.403333333333,-100.076666666667,-105.086666666667,-100.72
"co",-129.785,-132.33,-130.345,-140.835,-129.05,-131.67,-131.25,-125.545,-132.245,-127.685
"h2co",-93.5125,-93.7875,-93.8025,-98.405,-92.7425,-93.515,-94.0775,-90.7125,-94.055,-92.395
"h3coh",-85.465,-85.765,-86.31,-88.485,-85.8966666666667,-85.2516666666667,-86.0033333333333,-84.3533333333333,-86.0266666666667,-86.0216666666667
"n2",-114.265,-114.12,-113.99,-125.225,-108.755,-114.54,-115.11,-107.115,-116.235,-106.63
"h2nnh2",-73.05,-72.2133333333333,-73.08,-75.7933333333333,-71.6533333333333,-71.99,-73.21,-70.7033333333333,-73.1883333333333,-71.755
"hooh",-67.29,-67.9,-67.885,-74.18,-65.77,-67.5125,-68.2875,-64.12,-68.8175,-66.2925
"f2",-19.58,-20.62,-19.56,-31.24,-15.025,-20.47,-20.13,-12.815,-21.55,-15.37
"co2",-129.92,-131.003333333333,-128.77,-141.29,-127.023333333333,-130.556666666667,-129.336666666667,-121.55,-129.713333333333,-124.67
"na2",-8.535,-8.665,-5.845,-9.26,-8.285,-9.065,-10.705,-8.315,-9.295,-8.95
"p2",-58.615,-60.205,-59.16,-66.45,-57.325,-62.63,-68.095,-57.34,-62.395,-58.6
"cl2",-29.805,-32.605,-29.96,-36.45,-31.335,-33.16,-33.325,-27.575,-30.605,-30.12
"nacl",-49.425,-52.825,-50.205,-53.665,-53.365,-52.2,-51.74,-52.055,-52.395,-53.08
"sio",-96.49,-100.53,-99.565,-108.66,-96.805,-100.15,-102.105,-96.265,-102.945,-97.955
"sc",-85.975,-89.63,-87.35,-96.78,-86.6,-90.95,-92.515,-82.93,-88.73,-84.98
"fcl",-31.31,-32.91,-31.575,-39.715,-29.745,-32.675,-32.795,-27.16,-32.8,-29.61
"si2h6",-66.39125,-66.8425,-67.525,-66.98125,-68.115,-66.42,-67.4325,-68.10375,-67.78625,-69.1425
"ch3cl",-79.078,-79.768,-79.814,-81.506,-80.35,-79.478,-79.932,-78.33,-79.246,-79.95
"h3csh",-79.0366666666667,-79.6766666666667,-79.9483333333333,-81.3733333333333,-80.32,-79.4183333333333,-80.14,-78.6,-79.4583333333333,-80.1983333333333
"hocl",-55.1833333333333,-56.4433333333333,-55.6966666666667,-61.9366666666667,-54.57,-56.3133333333333,-56.9566666666667,-52.2966666666667,-56.49,-54.5533333333333
"so2",-86.44,-92.86,-90.2533333333333,-103.85,-88.0233333333333,-92.65,-92.3733333333333,-83.2666666666667,-92.27,-86.9333333333333
"bf3",-117.835,-119.79,-118.655,-124.405,-118.9425,-117.8325,-117.895,-115.67,-119.2725,-118.8125
"bcl3",-81.315,-84.705,-81.38,-86.8675,-85.15,-84.0225,-82.57,-79.255,-80.855,-82.3775
"alf3",-107.0175,-111.485,-110.7425,-115.855,-110.46,-109.485,-109.07,-108.9925,-112.3725,-111.0975
"alcl3",-77.24,-81.72,-78.43,-82.455,-82.9125,-80.71,-79.1325,-78.6775,-78.975,-81.41
"cf4",-95.548,-97.528,-95.426,-103.556,-96.034,-95.284,-94.198,-90.624,-95.41,-94.924
"ccl4",-63.196,-67.782,-64.042,-71.63,-67.248,-67.198,-65.62,-60.334,-63.368,-64.006
"ocs",-111.466666666667,-112.666666666667,-110.11,-121.463333333333,-109.343333333333,-113.14,-112.96,-103.896666666667,-110.87,-106.966666666667
"cs2",-93.0133333333333,-94.9766666666667,-92.1733333333333,-102.376666666667,-92.3133333333333,-96.74,-97.9233333333333,-86.7733333333334,-92.5766666666667,-89.8033333333333
"sif4",-115.004,-120.672,-119.604,-124.648,-120.212,-118.26,-118.432,-117.796,-120.868,-120.858
"sicl4",-77.438,-83.354,-79.35,-84.532,-84.472,-82.306,-80.624,-78.818,-79.56,-82.254
"n2o",-90.26,-88.9166666666667,-87.8366666666667,-103.096666666667,-82.0166666666667,-89.9966666666667,-89.6433333333333,-77.34,-88.9933333333333,-78.9833333333333
"clno",-64.1433333333333,-64.02,-62.12,-76.2833333333333,-57.54,-65.68,-66.55,-53.67,-64.0933333333333,-55.7066666666667
"nf3",-51.445,-51,-49.315,-61.3325,-45.9575,-50.0725,-49.465,-41.69,-50.525,-45.0125
"pf3",-91.27,-94.665,-93.53,-100.28,-92.8475,-92.76,-93.6825,-90.5275,-95.255,-93.695
"o3",-49.1833333333333,-51.7233333333333,-49.35,-69.7233333333333,-42.2366666666667,-52.7533333333333,-51.6933333333333,-37.0566666666667,-51.9233333333333,-40.6533333333333
"f2o",-31.32,-31.4133333333333,-29.8366666666667,-43.7266666666667,-24.8833333333333,-31.1466666666667,-30.76,-21.5,-31.93,-24.6633333333333
"clf3",-31.8325,-32.8825,-31.4625,-43.2325,-27.5125,-32.675,-32.745,-23.5475,-32.535,-26.85
"c2f4",-97.5933333333333,-98.06,-96.045,-105.018333333333,-96.015,-96.3766666666667,-95.2683333333333,-90.2616666666667,-95.825,-94.2233333333333
"c2cl4",-78.355,-81.9933333333333,-78.55,-86.4183333333333,-81.365,-81.42,-79.6633333333333,-73.925,-77.3566666666667,-77.545
"cf3cn",-106.81,-108.126666666667,-106.205,-115.528333333333,-105.746666666667,-106.698333333333,-105.88,-100.328333333333,-106.315,-103.583333333333
"propyne",-100.727142857143,-101.174285714286,-101.395714285714,-104.098571428571,-101.334285714286,-100.822857142857,-101.135714285714,-98.5742857142857,-100.435714285714,-100.131428571429
"allene",-100.5,-100.45,-100.657142857143,-103.567142857143,-100.46,-100.267142857143,-100.8,-97.69,-99.7457142857143,-99.2785714285714
"cyclopropene",-97.6,-98.35,-98.4071428571429,-101.302857142857,-98.6114285714286,-97.89,-97.47,-95.0928571428572,-96.9185714285714,-96.9042857142857
"propylene",-95.6366666666667,-95.9488888888889,-96.3744444444444,-98.0122222222222,-96.5566666666667,-95.5288888888889,-96.0411111111111,-94.2933333333333,-95.4433333333333,-95.8277777777778
"cyclopropane",-94.8211111111111,-95.33,-95.6277777777778,-97.2766666666667,-96.1444444444444,-94.7066666666667,-94.4922222222222,-93.2644444444445,-94.2422222222222,-95.0122222222222
"propane",-91.5227272727273,-91.9072727272727,-92.4663636363636,-93.4027272727273,-92.8372727272727,-91.3718181818182,-91.82,-90.86,-91.5109090909091,-92.3718181818182
"butadiene",-101.285,-101.689,-101.837,-104.304,-102.037,-101.354,-101.847,-99.209,-100.855,-100.879
"2-butyne",-100.436,-100.898,-101.062,-103.481,-101.307,-100.448,-100.62,-98.404,-99.972,-100.084
"methylene-cyclopropane",-99.103,-99.371,-99.407,-101.939,-99.871,-98.825,-98.577,-96.457,-97.99,-98.332
"bicyclobutane",-98.745,-99.744,-99.675,-102.186,-100.436,-98.997,-98.116,-96.424,-97.796,-98.495
"cyclobutene",-100.199,-101.061,-100.821,-103.525,-101.637,-100.444,-100.102,-98.089,-99.537,-100.128
"cyclobutane",-95.7566666666667,-96.4466666666667,-96.4583333333333,-98.2941666666667,-97.3358333333333,-95.74,-95.5225,-94.3208333333333,-95.2408333333333,-96.2291666666667
"isobutene",-96.5658333333333,-97.0741666666667,-97.3783333333333,-99.0425,-97.7975,-96.5358333333333,-96.885,-95.27,-96.3425,-96.9166666666667
"trans-butane",-92.9421428571429,-93.455,-93.885,-94.9857142857143,-94.4121428571429,-92.8478571428572,-93.1792857142857,-92.175,-92.8614285714286,-93.7792857142857
"isobutane",-93.0678571428572,-93.6678571428572,-94.0871428571429,-95.1914285714286,-94.6321428571429,-93.04,-93.37,-92.3714285714286,-93.0578571428571,-93.9821428571429
"spiropentane",-98.8084615384615,-99.5192307692308,-99.4592307692308,-101.779230769231,-100.297692307692,-98.75,-98.0469230769231,-96.52,-97.7569230769231,-98.5553846153846
"benzene",-114.020833333333,-114.694166666667,-114.1325,-117.813333333333,-115.075,-114.115,-113.923333333333,-110.676666666667,-112.671666666667,-112.92
"ch2f2",-87.442,-88.006,-87.718,-91.838,-87.458,-86.948,-87.128,-84.81,-87.61,-87.256
"chf3",-91.78,-93.016,-91.848,-98.002,-91.932,-91.386,-90.984,-87.952,-91.82,-91.3
"ch2cl2",-74.294,-76.072,-74.898,-78.436,-76.324,-75.704,-75.524,-72.766,-74.312,-75.036
"chcl3",-69.154,-72.258,-69.828,-75.338,-72.124,-71.796,-70.948,-66.926,-69.198,-69.884
"methylamine",-83.1785714285714,-82.9885714285714,-83.8171428571429,-85.2914285714286,-83.2885714285714,-82.65,-83.5814285714286,-82.0328571428571,-83.3942857142857,-83.2542857142857
"methyl-cyanide",-102.648333333333,-102.726666666667,-102.831666666667,-106.828333333333,-102.086666666667,-102.47,-102.868333333333,-99.5116666666667,-102.441666666667,-100.816666666667
"nitromethane",-85.9257142857143,-85.9657142857143,-85.5114285714286,-92.6628571428571,-83.7971428571429,-85.6114285714286,-85.5685714285714,-80.3342857142857,-85.5071428571429,-82.5442857142857
"methyl-nitrite",-85.5357142857143,-85.68,-85.2214285714286,-92.2942857142857,-83.3957142857143,-85.2857142857143,-85.46,-80.2485714285714,-85.4928571428571,-82.3642857142857
"methylsilane",-78.46875,-79.0275,-79.7425,-79.7625,-80.13875,-78.55625,-79.43,-79.46875,-79.56,-80.6625
"formic-acid",-100.298,-101.056,-100.412,-106.808,-99.564,-100.328,-100.45,-96.324,-100.66,-98.844
"methyl-formate",-98.155,-98.65625,-98.35,-102.90875,-98.05,-97.89625,-98.12625,-95.0475,-98.13,-97.255
"acetamide",-96.5144444444445,-96.7322222222222,-96.7188888888889,-100.42,-96.4422222222222,-96.1033333333333,-96.4177777777778,-93.68,-96.2622222222222,-95.5433333333333
"aziridine",-90.00875,-90.1725,-90.39125,-93.0325,-90.3725,-89.65875,-89.62875,-87.61,-89.40625,-89.2825
"cyanogen",-125.625,-125.6725,-124.5225,-135.895,-121.3625,-126.28,-126.615,-116.905,-125.2325,-117.96
"dimethylamine",-87.03,-87.098,-87.699,-89.223,-87.599,-86.605,-87.297,-85.818,-87.043,-87.243
"trans-ethylamine",-87.743,-87.788,-88.359,-89.907,-88.303,-87.292,-87.928,-86.471,-87.682,-87.911
"ketene",-106.568,-106.55,-106.028,-111.928,-105.282,-106.288,-106.298,-101.702,-105.694,-103.772
"oxirane",-92.9871428571429,-93.5385714285714,-93.4585714285714,-96.93,-93.4814285714286,-92.8914285714286,-92.6228571428571,-90.3542857142857,-92.5871428571429,-92.4385714285714
"acetaldehyde",-96.75,-97.1328571428571,-97.1671428571428,-100.524285714286,-96.9542857142857,-96.6257142857143,-96.94,-94.4242857142857,-96.7314285714286,-96.2371428571429
"glyoxal",-105.666666666667,-106.408333333333,-105.43,-112.455,-104.775,-105.821666666667,-105.711666666667,-101.021666666667,-105.633333333333,-103.381666666667
"ethanol",-90.0488888888889,-90.5577777777778,-90.9322222222222,-92.9222222222222,-90.9966666666667,-89.92,-90.4144444444444,-88.9233333333333,-90.3133333333333,-90.6811111111111
"dimethyl-ether",-88.6744444444444,-89,-89.4355555555556,-91.3944444444444,-89.38,-88.3855555555556,-89.0266666666667,-87.4477777777778,-88.8944444444444,-89.1544444444445
"thiooxirane",-89.1971428571429,-90.11,-89.7114285714286,-92.5528571428571,-90.5842857142857,-89.7385714285714,-89.5214285714286,-87.2114285714286,-88.6471428571429,-89.2771428571428
"dimethylsulfoxide",-85.6,-87.077,-86.915,-89.921,-87.183,-86.608,-86.924,-84.481,-86.388,-86.494
"ethanethiol",-85.4911111111111,-86.2744444444444,-86.4388888888889,-87.9711111111111,-87.0455555555556,-85.8255555555556,-86.2833333333333,-84.84,-85.6944444444444,-86.5533333333333
"dimethyl-sulfide",-85.3077777777778,-85.9988888888889,-86.1355555555556,-87.7488888888889,-86.7244444444444,-85.6088888888889,-86.0533333333333,-84.5344444444444,-85.4355555555556,-86.23
"vinyl-fluoride",-95.4133333333333,-95.5766666666667,-95.58,-98.9933333333333,-95.3516666666667,-94.985,-95.3616666666667,-92.6266666666667,-95.005,-94.58
"ethyl-chloride",-86.515,-87.2975,-87.3175,-89.025,-88.03875,-86.8075,-87.08625,-85.595,-86.49375,-87.335
"vinyl-chloride",-90.0266666666667,-90.3166666666667,-89.9516666666667,-93.0583333333333,-90.47,-90.015,-90.23,-87.345,-89.1433333333333,-89.225
"acrylonitrile",-109.175714285714,-109.654285714286,-109.418571428571,-114.287142857143,-108.787142857143,-109.485714285714,-109.85,-105.491428571429,-108.902857142857,-107.002857142857
"acetone",-97.889,-98.44,-98.458,-101.306,-98.644,-97.806,-97.99,-95.899,-97.753,-97.76
"acetic-acid",-100.435,-101.235,-100.84875,-105.405,-100.7425,-100.42125,-100.46,-97.52375,-100.4925,-99.83375
"acetyl-fluoride",-100.965714285714,-101.735714285714,-101.197142857143,-106.09,-101.075714285714,-100.85,-100.677142857143,-97.64,-100.825714285714,-100.03
"acetyl-chloride",-95.5357142857143,-96.54,-95.6771428571429,-100.551428571429,-96.0057142857143,-96.0728571428571,-95.9742857142857,-92.3342857142857,-95.2471428571429,-94.6271428571429
"propyl-chloride",-89.6663636363636,-90.4827272727273,-90.4845454545455,-92.1909090909091,-91.31,-89.8909090909091,-90.0645454545455,-88.6663636363636,-89.54,-90.46
"isopropanol",-92.3725,-93.0458333333333,-93.315,-95.2283333333333,-93.6441666666667,-92.3233333333333,-92.6758333333333,-91.27,-92.5208333333333,-93.0825
"methyl-ethyl-ether",-91.2591666666667,-91.6908333333333,-92.0233333333333,-93.9,-92.2391666666667,-91.0075,-91.4791666666667,-90.0033333333333,-91.2933333333333,-91.7675
"trimethylamine",-89.2653846153846,-89.5176923076923,-89.9838461538461,-91.5438461538461,-90.1346153846154,-88.9192307692308,-89.4838461538461,-88.0353846153846,-89.1915384615385,-89.58
"furan",-110.486666666667,-111.345555555556,-110.522222222222,-115.467777777778,-111.156666666667,-110.538888888889,-110.023333333333,-106.5,-109.337777777778,-109.13
"thiophene",-107.087777777778,-108.492222222222,-107.437777777778,-111.943333333333,-108.653333333333,-107.993333333333,-107.448888888889,-103.75,-106.04,-106.336666666667
"pyrrole",-107.21,-107.627,-107.127,-111.249,-107.677,-106.96,-106.665,-103.438,-105.851,-105.692
"pyridine",-103.183333333333,-103.524166666667,-102.9225,-107.0675,-103.444166666667,-103.030833333333,-102.9325,-99.3741666666667,-101.815833333333,-101.3975
"h2",-54.82,-54.575,-57.335,-55.395,-55,-55.12,-57.56,-57.395,-57.495,-57.41
"methyl-allene",-99.991,-100.216,-100.358,-102.923,-100.522,-99.86,-100.203,-97.632,-99.333,-99.326
"isoprene",-100.803076923077,-101.403076923077,-101.489230769231,-103.790769230769,-101.930769230769,-100.92,-101.249230769231,-98.9669230769231,-100.416923076923,-100.71
"cyclopentane",-97.62,-98.5033333333333,-98.496,-100.242666666667,-99.488,-97.7206666666667,-97.5333333333333,-96.3926666666667,-97.2306666666667,-98.3433333333333
"n-pentane",-93.8664705882353,-94.4717647058824,-94.8176470588235,-96.0252941176471,-95.4458823529412,-93.8188235294118,-94.0741176470588,-93.0411764705882,-93.7505882352941,-94.7047058823529
"neopentane",-94.1335294117647,-94.9588235294118,-95.2752941176471,-96.4917647058823,-95.9552941176471,-94.2535294117647,-94.4952941176471,-93.4888235294118,-94.1935294117647,-95.1682352941176
"1-3-cyclohexadiene",-105.561428571429,-106.472857142857,-106.152142857143,-109.015714285714,-107.077142857143,-105.776428571429,-105.547857142857,-103.248571428571,-104.791428571429,-105.35
"1-4-cyclohexadiene",-105.582857142857,-106.512142857143,-106.194285714286,-109.011428571429,-107.148571428571,-105.782857142857,-105.51,-103.312857142857,-104.816428571429,-105.417142857143
"cyclohexane",-98.0583333333333,-99.0188888888889,-99.0127777777778,-100.705555555556,-100.05,-98.19,-98.0311111111111,-96.915,-97.7244444444444,-98.8577777777778
"n-hexane",-94.505,-95.1665,-95.4535,-96.7355,-96.153,-94.4805,-94.6835,-93.63,-94.3555,-95.335
"3-methylpentane",-94.549,-95.3295,-95.5945,-96.8935,-96.3255,-94.62,-94.8155,-93.7645,-94.4925,-95.4735
"toluene",-111,-111.754,-111.294,-114.599333333333,-112.263333333333,-111.119333333333,-110.931333333333,-108.084,-109.856,-110.273333333333
"n-heptane",-94.9773913043478,-95.6804347826087,-95.924347826087,-97.2617391304348,-96.675652173913,-94.9708695652174,-95.134347826087,-94.0660869565217,-94.8039130434783,-95.8017391304348
"cyclooctatetraene",-111.21875,-112.218125,-111.641875,-115.380625,-112.515,-111.61125,-111.415625,-108.149375,-110.254375,-110.330625
"n-octane",-95.3446153846154,-96.0838461538462,-96.2942307692308,-97.6742307692308,-97.0861538461538,-95.3557692307692,-95.4888461538462,-94.4096153846154,-95.1561538461538,-96.1688461538461
"naphthalene",-120.167222222222,-121.1,-120.133333333333,-124.545555555556,-121.441666666667,-120.431111111111,-119.921666666667,-116.168888888889,-118.44,-118.710555555556
"azulene",-118.296666666667,-119.233888888889,-118.257777777778,-122.93,-119.385,-118.790555555556,-118.472222222222,-114.131666666667,-116.629444444444,-116.666111111111
"methyl-acetate",-98.8909090909091,-99.6009090909091,-99.3872727272727,-103.11,-99.4827272727273,-98.7845454545454,-98.9209090909091,-96.4254545454546,-98.8536363636364,-98.5672727272727
"t-butanol",-93.786,-94.6493333333333,-94.8426666666667,-96.7133333333333,-95.3546666666667,-93.8593333333333,-94.1133333333333,-92.7833333333333,-93.942,-94.628
"aniline",-110.030714285714,-110.508571428571,-109.989285714286,-113.915714285714,-110.688571428571,-109.9,-109.779285714286,-106.412142857143,-108.682142857143,-108.617857142857
"phenol",-113.274615384615,-114.171538461538,-113.403076923077,-117.860769230769,-114.26,-113.454615384615,-113.153076923077,-109.606923076923,-112.095384615385,-112.105384615385
"divinyl-ether",-100.349090909091,-100.82,-100.724545454545,-104.175454545455,-100.786363636364,-100.242727272727,-100.603636363636,-97.6418181818182,-99.9363636363636,-99.6336363636364
"tetrahydrofuran",-97.0938461538462,-97.9907692307692,-97.8361538461538,-100.383076923077,-98.6115384615385,-97.1123076923077,-96.9553846153846,-95.3830769230769,-96.7930769230769,-97.5353846153846
"cyclopentanone",-102.650714285714,-103.575,-103.144285714286,-106.312857142857,-104.047142857143,-102.710714285714,-102.278571428571,-100.317142857143,-102.026428571429,-102.553571428571
"benzoquinone",-118.685,-119.923333333333,-118.588333333333,-125.020833333333,-119.1625,-119.203333333333,-118.601666666667,-113.863333333333,-117.659166666667,-116.580833333333
"pyrimidine",-110.879,-110.769,-109.984,-115.479,-110.152,-110.257,-110.221,-105.645,-109.071,-107.818
"dimethyl-sulfone",-88.2781818181818,-91.0018181818182,-90.51,-94.3354545454546,-90.9709090909091,-90.25,-90.1727272727273,-87.6318181818182,-89.9509090909091,-90.0190909090909
"chlorobenzene",-112.3475,-113.479166666667,-112.406666666667,-116.8575,-113.735833333333,-112.85,-112.34,-108.651666666667,-110.9025,-111.175833333333
"butanedinitrile",-110.452,-111.012,-110.501,-115.815,-110.135,-110.556,-110.48,-106.42,-109.975,-108.048
"pyrazine",-110.854,-111.13,-110.354,-115.927,-110.459,-110.66,-110.675,-105.971,-109.463,-108.135
"butyn-3-one",-107.65,-108.727777777778,-108.232222222222,-113.042222222222,-108.173333333333,-108.23,-108.192222222222,-104.402222222222,-107.513333333333,-106.445555555556
"crotonaldehyde",-102.249090909091,-102.683636363636,-102.49,-106.006363636364,-102.661818181818,-102.17,-102.359090909091,-99.4545454545455,-101.719090909091,-101.402727272727
"acetic-anhydride",-104.673846153846,-105.525384615385,-104.866153846154,-109.853076923077,-105.018461538462,-104.614615384615,-104.428461538462,-101.22,-104.363846153846,-103.648461538462
"2-5-dihydrothiophene",-98.7536363636364,-99.9109090909091,-99.2581818181818,-102.43,-100.48,-99.2772727272727,-98.9272727272727,-96.5581818181818,-98.0890909090909,-98.8418181818182
"methylpropanenitrile",-100.595833333333,-101.304166666667,-101.328333333333,-104.179166666667,-101.51,-100.740833333333,-100.898333333333,-98.6441666666667,-100.514166666667,-100.264166666667
"methyl-ethyl-ketone",-97.9669230769231,-98.6230769230769,-98.6246153846154,-101.203846153846,-99.0323076923077,-97.9284615384615,-98.0407692307692,-96.1746153846154,-97.7838461538461,-98.0538461538462
"methylpropanal",-97.5476923076923,-98.3584615384615,-98.3446153846154,-100.948461538462,-98.7523076923077,-97.6776923076923,-97.7969230769231,-95.9076923076923,-97.5276923076923,-97.7823076923077
"1-4-dioxane",-96.815,-97.7607142857143,-97.4707142857143,-100.677857142857,-98.0928571428572,-96.7428571428571,-96.6692857142857,-94.7107142857143,-96.6107142857143,-97.0264285714286
"tetrahydrothiophene",-94.74,-95.9615384615385,-95.5761538461538,-97.9130769230769,-96.8176923076923,-95.2492307692307,-94.9923076923077,-93.3946153846154,-94.4361538461538,-95.5407692307692
"t-butyl-chloride",-91.9257142857143,-92.9778571428571,-92.9421428571429,-94.6642857142857,-93.8707142857143,-92.2778571428571,-92.3985714285714,-91.0485714285714,-91.9157142857143,-92.89
"n-butyl-chloride",-91.52,-92.4142857142857,-92.4064285714286,-94.1121428571429,-93.29,-91.7642857142857,-91.88,-90.5314285714286,-91.3928571428571,-92.3564285714286
"tetrahydropyrrole",-95.0635714285714,-95.6892857142857,-95.6792857142857,-97.8914285714286,-96.3757142857143,-94.9185714285714,-94.8642857142857,-93.3435714285714,-94.6014285714286,-95.2657142857143
"nitro-s-butane",-93.185,-93.86375,-93.629375,-97.710625,-93.523125,-93.18625,-93.11,-90.186875,-92.906875,-92.248125
"diethyl-ether",-92.868,-93.4273333333333,-93.6973333333333,-95.5253333333333,-94.0766666666667,-92.7026666666667,-93.0726666666667,-91.6593333333333,-92.8546666666667,-93.458
"acetaldehyde-dimethyl-acetal",-92.978125,-93.7375,-93.816875,-96.3125,-94.1475,-92.8725,-93.215625,-91.49625,-93.123125,-93.476875
"t-butanethiol",-90.8413333333333,-91.9066666666667,-91.9453333333333,-93.5793333333333,-92.808,-91.2413333333333,-91.4566666666667,-90.1286666666667,-90.974,-91.9533333333333
"diethyl-disulfide",-88.9425,-90.090625,-89.82875,-92.0275,-90.81375,-89.601875,-89.7975,-87.915625,-89.003125,-89.866875
"t-butylamine",-92.05625,-92.681875,-93,-94.6025,-93.4275,-91.98625,-92.34,-91.029375,-92.081875,-92.67125
"tetramethylsilane",-90.9441176470588,-92.0476470588235,-92.2647058823529,-93.3229411764706,-93.12,-91.4029411764706,-91.6652941176471,-91.0794117647059,-91.5711764705882,-92.6958823529412
"2-methyl-thiophene",-105.053333333333,-106.346666666667,-105.5425,-109.366666666667,-106.723333333333,-105.768333333333,-105.320833333333,-102.235833333333,-104.168333333333,-104.665833333333
"n-methyl-pyrrole",-104.804615384615,-105.330769230769,-104.961538461538,-108.523846153846,-105.587692307692,-104.629230769231,-104.433076923077,-101.640769230769,-103.711538461538,-103.804615384615
"tetrahydropyran",-97.574375,-98.5425,-98.4125,-100.766875,-99.269375,-97.630625,-97.50875,-96.025625,-97.310625,-98.131875
"diethyl-ketone",-97.9775,-98.668125,-98.6575,-101.07,-99.204375,-97.93375,-98.00125,-96.2775,-97.733125,-98.168125
"isopropyl-acetate",-98.9970588235294,-99.8523529411765,-99.7070588235294,-102.702941176471,-100.154117647059,-98.9935294117647,-99.06,-97.04,-98.9017647058824,-99.1123529411765
"tetrahydrothiopyran",-95.509375,-96.736875,-96.419375,-98.60625,-97.653125,-95.96375,-95.741875,-94.249375,-95.23625,-96.34875
"piperidine",-95.9364705882353,-96.7276470588235,-96.7152941176471,-98.8029411764706,-97.5064705882353,-95.9064705882353,-95.8547058823529,-94.4217647058824,-95.5847058823529,-96.3405882352941
"t-butyl-methyl-ether",-93.8444444444444,-94.6822222222222,-94.8638888888889,-96.6894444444444,-95.4238888888889,-93.8772222222222,-94.1455555555556,-92.8094444444444,-93.9388888888889,-94.6372222222222
"1-3-difluorobenzene",-115.604166666667,-116.508333333333,-115.310833333333,-120.809166666667,-116.270833333333,-115.55,-114.899166666667,-110.911666666667,-113.985,-113.795
"1-4-difluorobenzene",-115.549166666667,-116.454166666667,-115.2625,-120.764166666667,-116.21,-115.499166666667,-114.855833333333,-110.860833333333,-113.94,-113.738333333333
"fluorobenzene",-114.868333333333,-115.683333333333,-114.805,-119.395,-115.7525,-114.915,-114.495833333333,-110.875833333333,-113.4125,-113.4375
"diisopropyl-ether",-94.6295238095238,-95.4328571428571,-95.6019047619048,-97.3966666666667,-96.2090476190476,-94.6309523809524,-94.8680952380952,-93.5404761904762,-94.6309523809524,-95.3804761904762
"pf5",-93.1233333333333,-98.4316666666667,-96.8366666666667,-103.258333333333,-97.5366666666667,-95.8133333333333,-95.8533333333333,-93.8316666666667,-97.75,-97.8466666666667
"sf6",-68.6757142857143,-74.3128571428572,-72.0857142857143,-80.4814285714286,-72.6628571428571,-71.7385714285714,-70.6385714285714,-67.0071428571429,-72.0885714285714,-71.7271428571429
"p4",-72.435,-76.3575,-73.6525,-81.6075,-75.13,-77.95,-77.9125,-68.9475,-72.905,-72.0425
"so3",-86.18,-93.5675,-90.53,-104.2075,-89.265,-92.985,-91.6625,-83.125,-91.8,-87.395
"scl2",-43.6,-46.8066666666667,-43.4666666666667,-51.1733333333333,-45.4466666666667,-47.49,-47.7066666666667,-40.5833333333333,-44.16,-43.6966666666667
"pocl3",-72.272,-77.818,-74.378,-82.234,-76.928,-77.182,-76.364,-71.416,-74.992,-75.038
"pcl5",-52.1466666666667,-57.2116666666667,-53.21,-60.3,-57.0183333333333,-56.855,-55.82,-50.6433333333333,-53.1533333333333,-54.3233333333333
"cl2o2s",-66.882,-73.684,-70.162,-81.198,-71.024,-73.424,-72.346,-64.466,-70.638,-68.626
"pcl3",-58.725,-62.235,-58.895,-65.6675,-61.525,-62.49,-62.785,-56.8075,-59.6625,-59.85
"cl2s2",-49.425,-52.015,-48.385,-57.25,-50.12,-53.2075,-53.7125,-44.615,-49.07,-48.0225
"sicl2",-69.3133333333333,-72.69,-69.6,-75.1566666666667,-72.4966666666667,-72.7366666666667,-73.1633333333333,-68.8166666666667,-70.7933333333333,-71.35
"cf3cl",-86.748,-88.996,-86.554,-94.63,-87.604,-87.184,-86.022,-81.89,-86.4,-86.002
"c2f6",-98.8575,-100.9775,-98.71375,-107.01875,-99.55375,-98.63125,-97.41125,-93.65125,-98.50875,-97.99
"beh",-24.97,-21.055,-23.77,-21.255,-21.505,-21.05,-21.355,-22.24,-22.095,-21.855
"ch",-41.995,-41.3,-42.395,-42.695,-41.205,-41.735,-43.18,-41.66,-42.55,-41.6
"ch2trip",-63.4966666666667,-62.9966666666667,-64.49,-64.0333333333333,-63.6933333333333,-62.89,-62.5566666666667,-62.2133333333333,-62.49,-63.09
"ch3",-76.8975,-76.3675,-77.8625,-77.52,-77.095,-76.2175,-76.9125,-76.3725,-76.765,-77.1775
"nh",-41.76,-39.575,-41.255,-41.795,-38.825,-40.03,-41.17,-39.33,-40.985,-38.965
"nh2",-60.57,-58.5733333333333,-60.2233333333333,-61.2533333333333,-58.0266666666667,-58.8233333333333,-60.34,-58.33,-60.1833333333333,-58.4633333333333
"oh",-53.345,-52.675,-53.625,-55.7,-51.91,-52.585,-53.5,-51.81,-53.915,-52.58
"sih2trip",-43.7166666666667,-43.3533333333333,-44.47,-43.7066666666667,-44.19,-43.2533333333333,-43.1966666666667,-43.7766666666667,-43.6033333333333,-44.8733333333333
"sih3",-56.46,-56.135,-57.4,-56.3475,-57.145,-55.9075,-56.9575,-57.6075,-57.3425,-58.4325
"ph2",-50.9733333333333,-49.44,-50.8833333333333,-50.44,-49.81,-49.5633333333333,-51.7333333333333,-50.8033333333333,-51.27,-51.4133333333333
"cn",-90.765,-92.155,-91.53,-103.21,-86.24,-93.775,-94.145,-83.15,-92.5,-83.49
"hco",-93.0166666666667,-92.7733333333333,-92.4133333333333,-99.0566666666667,-90.5533333333333,-92.5333333333333,-92.5933333333333,-87.86,-92.7233333333333,-89.7
"no",-76.465,-75.71,-74.805,-87.08,-70.085,-75.68,-74.88,-67.235,-76.615,-68.465
"o2",-60.38,-59.185,-57.225,-70.98,-53.38,-58.835,-57.175,-49.225,-58.83,-52.435
"si2",-37.805,-39.535,-38.085,-41.83,-38.75,-42.855,-44.605,-35.935,-39.095,-37.415
"s2",-51.395,-52.365,-50.01,-57.615,-50.255,-53.915,-55.25,-46.39,-50.625,-48.925
"so",-62.905,-64.115,-62.425,-72.715,-60,-64.31,-64.635,-56.855,-63.98,-59.495
"clo",-32.81,-33.515,-31.9,-41.45,-29.255,-34.09,-34.395,-26.005,-33.04,-28.335
"sh",-43.735,-43.64,-44.32,-44.86,-43.84,-43.74,-44.985,-43.71,-44.355,-44.6
"cch",-88.77,-90.15,-90.36,-94.9633333333333,-88.8233333333333,-90.3166666666667,-89.8833333333333,-85.3766666666667,-88.91,-86.6633333333333
"c2h3",-89.016,-88.642,-89.244,-91.19,-88.738,-88.498,-88.94,-86.536,-88.164,-87.836
"ch3co",-96.9633333333333,-97.0083333333333,-96.8383333333333,-101.043333333333,-96.3716666666667,-96.5283333333333,-96.55,-93.4616666666667,-96.365,-95.35
"h2coh",-81.958,-81.84,-82.33,-85.028,-81.6,-81.304,-81.712,-79.7,-81.83,-81.436
"ch3o",-80.142,-79.616,-80.088,-82.37,-79.414,-79.264,-79.97,-77.742,-79.72,-79.228
"ch3ch2o",-87.30625,-87.86,-87.72125,-90.175,-88.13,-86.9175,-87.7225,-85.91875,-87.4525,-87.57
"ch3s",-76.326,-76.374,-76.54,-78.112,-76.88,-76.11,-76.588,-74.978,-75.952,-76.48
"c2h5",-86.2214285714286,-86.0571428571428,-86.8857142857143,-87.5385714285714,-86.8428571428571,-85.6685714285714,-86.0671428571428,-85.0957142857143,-85.7628571428571,-86.3985714285714
"ch3chch3",-90.041,-90.08,-90.641,-91.673,-90.908,-89.577,-89.85,-88.724,-89.488,-90.233
"t-butyl-radical",-92.2369230769231,-92.5469230769231,-92.9569230769231,-94.1869230769231,-93.4092307692308,-91.9661538461538,-92.1623076923077,-90.9684615384615,-91.7753846153846,-92.5915384615384
"no2",-75.94,-74.6633333333333,-73.0133333333333,-89.1533333333333,-67.46,-75.1933333333333,-74.06,-62.3166666666667,-74.2833333333333,-65.0266666666667
"cf3",-86.2125,-86.7625,-85.0075,-93.1275,-84.71,-84.9475,-83.66,-79.61,-84.7925,-83.4875
"phenyl-radical",-113.46,-113.934545454545,-113.224545454545,-117.325454545455,-114.130909090909,-113.392727272727,-112.922727272727,-109.293636363636,-111.553636363636,-111.616363636364
