"","HF","MP2","LSDA","PBE","HCTH","N12","revTPSS","tHCTH","M11-L","MN12-L","PBE0","mPW1PW","B3LYP","B3PW91","B97-2","M06","M06-2X","M06-HF","SOGGA11X","tHCTHhyb","BMK","TPSSh","LC-rTPSS","LC-wPBE","LC-N12","LC-HCTH","LC-tHCTH","M11","CAM-B3LYP","wB97XD","wB97","wB97X","N12-SX","MN12-SX","HSE06","HISS"
"1",-0.134391281135515,-0.43262946666912,-4.72394558073601,-4.51775621789797,-3.68931681363795,-3.2677332056923,-3.39476058101216,-3.40396546328172,-6.99018759550065,-5.35171855151972,-1.79679301901728,-1.61269537362617,-3.09836337193247,-1.83729450100333,-1.76365544284688,-3.04681603122295,-1.01437802610504,-1.18006590695705,-1.91645648852151,-2.53318360058174,-1.57403486809403,-2.42088403689316,0.920488226955577,0.706934958301884,1.62926416171138,-0.683002264401029,-2.24230932086378,-0.96835361475726,-1.85754524199636,-1.62374123234963,-1.10458587234668,-1.43964358695852,-1.36784550525598,-5.33699073988844,-1.92934332369888,-0.167528857305904
"2",1.74365126974605,0.389922015596881,-5.94881023795241,-5.73085382923415,-4.46710657868427,-3.92721455708858,-4.12117576484703,-4.01919616076786,-6.51269746050791,-4.24115176964608,-2.0755848830234,-1.80963807238553,-3.44131173765248,-2.3255348930214,-2.02759448110378,-2.86942611477705,-1.26574685062988,0.207958408318335,-1.14977004599081,-3.09138172365527,-1.98360327934414,-2.95340931813638,1.86562687462507,1.00779844031193,2.69146170765846,0.30593881223755,-1.33173365326935,-1.751649670066,-1.71365726854629,-2.12757448510298,-1.03979204159169,-1.71365726854629,-1.32373525294941,-4.17316536692662,-2.32753449310138,0.247950409918007
"3",2.99444003177125,0.0595710881652127,-5.6791104050834,-5.14098490865766,-3.37172359015091,-2.61517077045274,-3.27640984908657,-2.97656870532169,-6.85663224781573,-2.67474185861795,-1.20929308975378,-0.953137410643376,-2.77204130262113,-1.54686258935664,-1.02065131056395,-3.07386814932486,-0.802223987291508,1.1517077045274,-0.216441620333602,-2.19817315329627,-1.33637807783956,-2.02938840349483,2.85742652899126,2.05321683876092,3.92573471008736,1.5945194598888,-0.295869737887214,-1.61040508339952,-0.889594916600477,-1.33439237490071,0.248212867355044,-0.702938840349482,-0.401111993645747,-3.50675138999205,-1.53296266878475,1.15766481334392
"4",0.0273563266766232,-0.286189263693937,-6.12150417710065,-5.76376759748321,-4.78735716840975,-4.05925801224722,-3.85303339576186,-4.06977967635361,-7.9017697439027,-5.52808232149997,-2.41366974600703,-2.0959154899939,-3.87197239115338,-2.57149470760296,-2.31476610340692,-4.0108583573578,-1.58245828160182,0.732307821805095,-1.68136192420193,-3.30169819658678,-2.52309505271353,-2.97552660928853,1.58877128006566,0.839628795690328,2.26636644851749,-0.450327223753706,-2.14431514488331,-1.92756886429157,-2.15062814334715,-2.54413838092632,-1.36571200101008,-2.11275015256413,-1.68136192420193,-4.96201679257591,-2.72300667073504,-0.374571242187659
"5",3.48577662163296,-0.288663254174703,-10.3616682050852,-10.3281027104137,-8.63975832843837,-8.1866241503734,-9.02576151716035,-8.86129059327011,-12.8589410086431,-8.26214651338423,-4.81161366115633,-4.65049928673324,-6.33548711924142,-5.41747083997651,-5.05999832172527,-5.20097339934547,-2.35797600067131,-1.16640093983385,-3.63682134765461,-6.75673407736846,-3.99597214063942,-6.83561298984644,0.676344717630274,-0.421246958127041,1.84106738273056,0.302089452043299,-1.36779390786271,-2.94033733322145,-3.5730469077788,-3.90366703029286,-2.14483510950742,-2.88159771754636,-4.03289418477805,-7.98019635814383,-5.00293698078376,-1.46177729294286
"6",2.86047869235259,-0.163832551833223,-7.18038528896672,-6.1578441895938,-5.24640792422274,-4.55341506129597,-4.56283072519444,-5.04114645123628,-7.75285765399318,-6.30472854640981,-2.3445003107169,-1.97917255145661,-3.22768958439259,-2.39346176298891,-2.23904487505414,-2.4217087546843,-1.13552906615446,-1.32195921134399,-1.6345592527729,-3.37834020676797,-1.3181929457846,-3.27100163832552,1.21273751012184,0.828578423064619,2.40476055966706,0.129936161798773,-1.09974954334029,-1.3935182569723,-1.72871589175753,-1.85111952243752,-0.80033143136922,-1.38975199141291,-1.56488333992429,-5.55900796565165,-2.42359188746398,0.32954823644616
"7",-8.82140019422619,-1.78688090403461,-6.49068597157235,-6.25231747152821,-5.78087754921868,-5.94155557517437,-5.3765339454401,-6.05985697889998,-13.0290456431535,-11.021453165004,-5.01809834907742,-4.8715458638651,-6.33353933080251,-4.89449986757305,-5.04988081574998,-7.70195109031518,-3.73797121921074,-2.60969365233513,-5.75968923810365,-5.61490244548424,-4.91568817868809,-5.12580559724552,-2.63794473382184,-2.51081486713164,-2.31129160413173,-4.95453341573233,-7.03098790500574,-3.57376180806922,-5.5654630528825,-5.37123686766134,-4.60139489714841,-5.20349607133399,-4.91745387128102,-9.69894941290722,-5.15405667873224,-4.18116006003355
"8",4.63325337709886,-0.19969930334784,-4.7262168458987,-3.91249956961358,-2.35736993722097,-1.00423500246755,-2.18636306251506,-2.0383101307227,-7.61152747013119,-1.55053884380989,-0.166416086123189,0.0987019545282374,-1.53561878091608,-0.391364726675918,0.0837818916344278,-1.94534666192284,0.293810469293363,1.40133821487186,0.759775510438313,-1.01685967106999,0.213471669095967,-0.824046550596233,3.76788972925824,3.28241383663679,5.69946402543296,2.84399352698809,1.20163891152402,0.378740058073474,0.392512423821601,0.490066681204172,2.27244034844086,1.20737739725242,0.786172544788884,-2.98286488161504,-0.399398606695664,2.16570451389287
"9",0.141653619622742,-0.524366907726349,-6.27997713660877,-5.47975844330129,-4.00854892020179,-3.21081537811576,-4.03091528119486,-3.95387559332986,-10.0549218419941,-5.50709510673725,-2.27391336762844,-2.0278833967047,-3.70784562240613,-2.4453888019086,-2.08752702601954,-4.49066825716345,-1.55570466462885,-0.447327219861328,-1.9558140112826,-3.16359750490818,-2.26397276274262,-2.88526056810557,0.976664430030569,0.730634459106829,2.37580456770794,-0.228633912373582,-2.2391212505281,-1.82907129898855,-2.27391336762844,-2.34598275305053,-0.912050498272831,-1.8116752404384,-1.67250677203708,-5.71833296056066,-2.4354481970228,-0.13668331717985
"10",3.89394275571332,0.843132904370965,-5.10871976924785,-5.19747060128689,-3.38362547148881,-2.29088085200799,-4.12691368981584,-3.14510761038385,-5.23075216330154,-2.91213667628135,-1.12047925449302,-0.931883736410045,-2.41846017306412,-1.44220102063458,-1.10938540048815,-1.61970268471268,0.410472598180597,1.27579321056135,-0.837585977368537,-2.21322387397382,-0.981806079431992,-2.34080319502996,0.820945196361214,0.0332815620146452,2.0357222098957,0.299534058131787,-1.15930774351009,-0.832039050366109,-1.54204570667851,-1.92478366984691,-2.14666074994453,-2.09673840692257,0.0166407810073226,-2.96760594630575,-1.12602618149547,1.45884180164188
"11",7.43273699426458,-0.352829631471765,-5.52248317453409,-5.0748402940765,-3.54539378584639,-2.71538927833129,-3.69616239488941,-3.28271445668899,-4.21219515986134,-2.33613628238805,-0.194289444643051,0.0373035733714673,-1.30873369911559,-0.579759702814851,-0.2067239691002,-0.752288729657887,1.27609307241557,2.01128433094487,0.746071467429324,-1.49991451264436,0.655921165114948,-1.72684458398743,3.26250835444613,2.42317795358814,4.39094144893297,2.79155074063137,1.53410945490154,0.935697965400942,0.430545409329004,0.195843760200203,0.834667454186558,0.547119076114839,0.697887685157849,-2.23199714005936,-0.285994062514568,2.76512737615991
"12",-2.83089254119502,-0.385837010509257,-8.23047899213403,-8.18144997974889,-7.2520304406216,-7.42043443968366,-7.26268892157489,-7.33516659205729,-13.7814158726098,-10.637163991388,-5.18428513568247,-4.96258873185393,-6.75747692438874,-5.36974270426978,-5.34416234998188,-4.8240284794611,-3.89460894033382,-4.83042356803308,-4.88584766899022,-6.56775596342008,-5.8152672081175,-6.14568011766962,0.0724776704824005,-0.332544605742787,1.21506682867558,-1.48152885250794,-3.74325851079704,-2.97797957835049,-4.49574726609964,-4.63430751849246,-2.52605998593079,-3.64520048602673,-4.762209289932,-9.68642749035407,-5.36334761569781,-2.84155102214832
"13",3.2865164605884,0.183439989917802,-6.19495049920884,-5.87007967736968,-4.26673014717208,-3.51056530323611,-3.79762788287847,-3.53577079803398,-5.85887723523728,-2.19707896321398,-1.484323582541,-1.19586069763208,-3.06106731267417,-1.86380630977554,-1.34989427695237,-3.06806883900691,-0.883592623191856,1.60474983546413,0.0154033579320231,-2.5933653536471,-1.50252755100613,-2.48134093232325,3.37193508184784,2.34691162673463,4.45577135815608,1.96182767843389,0.242252811112825,-1.59634800386484,-0.714155685939542,-1.23506924509544,0.474703485359807,-0.508310811756962,-0.715555991206097,-2.88042793328946,-1.88481088877376,0.980213686583679
"14",1.53174964642711,1.02116643095142,-6.11501306421843,-5.79619819258336,-4.61442577366542,-4.18054989572596,-4.61921998226143,-4.51614449744709,-7.64915981494355,-5.40067598341204,-2.30361723038569,-2.08308363496896,-3.34875470431718,-2.47620873984227,-2.32519116906776,-2.76865546419925,-1.35915813697054,-1.28245079943429,-2.03514154900881,-3.34396049572118,-2.06150969628688,-3.25047342809886,0.798235731236662,0.28046120286693,1.73550351175779,-0.146223362178488,-1.68516432149964,-1.55092648081118,-2.05192127909486,-2.31080854327971,-1.62523671404944,-2.04233286190283,-1.61085408826139,-5.2352757868495,-2.34676510774984,0.191768343840636
"15",7.92716944768474,-0.564656556947467,-6.50369393585906,-5.84098324626802,-4.65080894659431,-2.94838633328262,-4.00838531892951,-4.16222887187029,-5.45045730418758,-2.37358624537201,-0.576490676404446,-0.197798853780997,-1.61451201163125,-0.823316596507235,-0.525773021588815,-1.22567665804466,1.57731906476644,3.88497235887813,0.76752717621004,-1.75144967963347,1.94755794492063,-2.11154502882453,3.2662169701273,2.39894507277984,4.91115957464794,2.42599448868151,1.64156142753293,1.62127436560667,0.201180030768722,0.160605906916208,0.867271897347475,0.485198897736312,0.950110733546355,-2.10816385183682,-0.716809521394396,2.80637689979883
"16",8.09565233485721,-1.01797182994317,-5.89868404005256,-5.39525069869884,-4.40504173684502,-3.30748301837902,-3.88124895889244,-3.87569638527456,-4.68081955986599,-3.10759036813562,-0.344259564308057,-0.00185085787261965,-1.51215088193376,-0.544152214551439,-0.3016898332377,-1.04018212441466,1.34002109977975,1.79718299431787,0.925428936311981,-1.5843343389661,1.3659331099965,-1.99892650243387,3.26121157156342,2.49495641229711,4.60123267134318,2.38020322419442,1.64171093301745,1.01241925632531,0.246164097058992,0.203594365988648,1.01241925632531,0.605230524348045,0.814377463954552,-2.93360972810897,-0.475670473264354,2.8040496770253
"17",6.70575712871842,-1.01211928815522,-7.00080297286698,-6.462997889862,-5.96814251834699,-4.51532184272936,-4.28189949767511,-4.78982652051315,-6.64039887210322,-4.52279135777109,-0.896341805008304,-0.45564041754589,-2.39958170715766,-0.939291516498292,-0.793635973184436,-1.89538944184049,0.972904334186104,1.64889544546321,0.685328005079278,-2.11013799929039,1.21006143676122,-2.47801161509589,3.77210509607664,3.04942951578869,5.4788892831133,2.0055647887061,1.31089988982466,1.0494668633639,-0.11204272562603,0.218483314970784,1.65449758174451,0.860861608560061,0.216615936210341,-4.4462288285933,-1.08868181733301,2.38651005583462
"18",6.38605423831201,-0.473560440982942,-2.15637203080839,-1.80686500830618,-0.456300834933445,0.727060904834839,-0.385104959979288,-0.331168691074629,-6.46803736704709,-0.93741235356303,1.81225863519664,2.00211430174106,0.291255852085172,1.58896248193135,1.88884813704128,0.147785376798775,2.14774222778365,1.40018554076503,1.88237578477272,0.913680395244972,2.44439170675928,1.08088282884943,5.38823326357576,4.84239822226058,6.99121917542231,4.29116955405492,2.59757071044854,2.58894090742378,2.09056978274471,2.00750792863153,3.58891933291622,2.67416021229315,2.89314146404609,-2.09596340963517,1.62456041940843,4.18761191775798
"19",-3.6568192935387,-1.29552495441947,-10.2070764715474,-9.33548760061071,-8.82113158323823,-8.42980596771566,-7.65753079465783,-8.78407423328343,-13.9943376369269,-11.7783081096305,-5.93510516875918,-5.62827031113353,-7.10611742733055,-5.98846775269408,-5.99587922268503,-7.2202540651913,-3.8658227472837,-2.7911595985948,-5.5259920252583,-7.09425907534501,-4.73592932422218,-6.7266501637935,-1.25846760446468,-1.46895335220788,-0.465440315432173,-3.08317151623855,-4.70628344425835,-3.7086995834754,-5.05758712182975,-5.02794124186593,-3.34405525992025,-4.2215733068497,-5.58231919718958,-9.97880319582586,-6.14114403450781,-3.83765916131808
"20",-0.459373047664547,-0.255411414501494,-8.58108853037375,-7.85895409944508,-6.93285803535336,-6.55617213626843,-6.37242291720261,-6.92734555878138,-10.9165411047003,-8.72073793686377,-4.21336959317924,-3.94325824115248,-5.29197750909559,-4.37874389033847,-4.25930689794569,-5.00532872735292,-2.55227665282423,-1.70151776854949,-3.75950902208667,-5.38201462643784,-3.36628569328581,-5.15049061041491,-0.21682407849767,-0.637609790158394,0.639447282349048,-1.47918121347984,-3.01348719267943,-2.60372643416266,-3.55187240454228,-3.6915218110323,-2.44937709014738,-3.11271177097498,-3.7227591782735,-7.59068023960898,-4.33280658557202,-1.78787990151043
"21",1.71244437624674,-0.489489028694188,-7.78118766303514,-6.72702163572196,-5.48258401104802,-4.83044345557771,-4.99002608562221,-5.46570507902409,-9.90639864968544,-6.63955807887064,-2.87862513426424,-2.56559766763848,-3.94506674850391,-3.01825993555317,-2.71750805585392,-4.22126745435017,-1.62037747429799,-0.894583397268679,-1.87509590302285,-3.93279116157742,-1.90271597360748,-3.74405401258247,1.02501150836275,0.672088384225874,2.39373945066749,0.104342488875246,-1.32883228479362,-1.91959490563143,-2.1758477827221,-2.18965781801441,-0.638330520177991,-1.4853460181065,-2.23415682062299,-6.33573730243978,-3.04127666104035,-0.402025471842873
"22",4.53225123706375,-0.113853654264408,-8.14053627990483,-7.93764322935673,-6.54658512020318,-5.79923805631377,-6.08241252974062,-5.84156826110437,-6.98594345268505,-4.88402983549607,-2.47704681136785,-2.21138828475091,-4.02428877957641,-2.95873534864033,-2.54273161190501,-3.87248390722388,-0.429140696842746,2.51499802945598,-0.938562816564248,-3.94546701893182,-1.41587236713424,-4.16149702958735,2.70183479542834,1.53118568363282,3.58493044709455,1.42025135383672,0.0379512180881289,-0.796975579850832,-1.47133953203228,-1.85669036185028,-0.426221372374435,-1.13123823147325,-1.77348961450321,-4.17609365192895,-2.80401115181948,0.528397728765556
"23",5.92301078113632,-0.712679410013885,-4.73741649579999,-4.16528870957074,-3.04418281632383,-1.94291950525829,-2.20087307361598,-2.5117401944573,-9.52940009259873,-4.18843838878233,0.360473576294723,0.654805211984921,-1.21205106157815,0.261260665387925,0.482836166413125,-1.43858720814868,1.22362590118394,1.0466962100668,0.729214895165028,-0.590316819895495,1.51299689132879,-0.577088431774594,4.45962034526092,3.90072094715259,6.10159402076857,3.19134863416893,1.84039949732125,1.3046497784245,0.846616839738079,0.849923936768298,2.46544083603413,1.5758317349031,1.57252463787288,-5.13757523645744,0.153780011905543,3.23268734704676
"24",2.78596395038037,-1.02460420807348,-8.01007470358441,-7.12082790761429,-6.50058255088754,-5.23439106298403,-5.15386196970736,-5.79124117606744,-8.92673565896786,-7.04201219930094,-2.57350421492701,-2.14858474402029,-3.79686107874717,-2.59920498937702,-2.486121581797,-3.32910698375712,-0.620245356726753,0.60653827702008,-1.66541018436022,-3.67007059146049,-0.863546021520124,-3.72489891028716,1.5009252278802,0.997190048660134,2.92646151737372,-0.248440819683372,-1.32958673154685,-0.709341374820097,-1.97895963265027,-1.9087108491536,-0.709341374820097,-1.37584812555686,-1.57631416626688,-5.91289150846412,-2.71228839695704,0.316976218216701
"25",7.05943420711133,-0.629379704126663,-7.03131758802666,-6.16835366381176,-5.01340946448656,-3.53620555411369,-4.23263258067307,-4.47919370187734,-6.15321394584308,-4.00553681114284,-1.04896617354442,-0.646682238948005,-2.11090924820488,-1.23496842287396,-0.919197162384299,-1.59183320356433,0.964616316290332,2.6645903624881,0.231421403235573,-2.19958473916429,0.93649969720564,-2.43965740981054,2.52184445021195,1.77134700233583,4.00986244484817,1.5788563024483,0.808893502898164,0.702915477117389,-0.480145341292502,-0.503936326671866,0.272514923436278,-0.14058309542349,0.229258586382893,-3.48862358335496,-1.1419672982092,2.23418980880698
"26",7.02918032143488,-0.0686826664573414,-5.55348417355128,-4.83722208049608,-3.47141819894425,-2.33324829765105,-3.26537019957219,-3.17313919032948,-4.487921662513,-2.41762985929865,-0.0333601522792753,0.245295237347672,-1.08714849192487,-0.302203732412324,0.0372848760768568,-1.06556251103828,1.58951313801292,3.09268235247945,0.902686473439433,-1.17349241547126,1.2323632724347,-1.46784670028846,2.81795168665005,2.18999587904001,4.05816440667989,2.297925783473,1.26964814851156,1.18134186306639,0.321827351400148,0.280617751525738,0.686826664573483,0.490590474695343,1.00865401597363,-2.25279145980101,-0.105967542534184,2.84738711513177
"27",2.97259499509032,-0.382360817686799,-8.11140536197816,-7.94031005445295,-6.72925283423096,-5.90650757282709,-6.4019400720088,-6.35433094295831,-11.2536078793109,-7.20385633945309,-2.9830094920701,-2.6690867973934,-4.54072068319101,-3.22700627845389,-3.08417889130242,-3.43083286220132,-1.21700836135329,-0.429969946737289,-2.31350611479752,-4.54815960960515,-2.43401672270657,-4.53030618621121,1.85675603296933,1.09947332400989,3.51266105275687,0.523700419555456,-1.20808164965632,-0.787038414615997,-2.24655577707026,-2.43996786383789,-1.00127949534323,-1.73029428392894,-1.89543845032285,-6.31118516975631,-3.12732466450442,0.269289136191861
"28",1.96656349190703,-0.482029848392252,-8.06537468209688,-7.51828559036334,-6.20330027798041,-5.66804013958165,-5.96179248072867,-6.10275417463478,-12.4204010015181,-6.99485440529937,-3.11791494982552,-2.85077775368176,-4.56794747944719,-3.36632296985589,-3.12777241093784,-4.32742542830669,-2.16666995248704,-2.00205035191137,-2.18638487471167,-4.53541785777655,-2.72953098200028,-4.35896930386609,2.58166906531554,2.08978175581098,4.30081028330343,1.44608954517674,-0.412041874494811,-1.42440313072966,-1.74674210910239,-1.81870157522228,0.508644993395492,-0.691993770084575,-2.43282140251957,-7.16045975198628,-3.39195236874791,-0.384440983380321
"29",4.93913530152513,-0.545683503567926,-7.92990065761858,-6.94697075696097,-5.96404085630334,-4.36896599972016,-4.99860081152931,-5.38337764096823,-7.35273541346019,-5.65621939275219,-2.13026444662095,-1.69301804953127,-3.13418217433889,-2.20721981250875,-1.92738211837134,-2.14075836015111,-0.0979431929480855,0.937456275360293,-0.808031341821737,-3.16216594375262,-0.157408702952281,-3.33356653141178,0.881488736532819,0.332307261788171,2.48355953546943,-0.206380299426324,-0.783545543584722,-0.699594235343498,-1.82244298306982,-1.74198964600531,-1.12634671890303,-1.49363369245837,-0.93046033300685,-4.96362109976214,-2.19672589897859,0.881488736532819
"30",5.41942407440529,-0.435223275502298,-7.68496989208848,-6.95761044535862,-5.71156024563287,-3.79180826328027,-5.12132594049962,-5.19883145531509,-7.02319203481787,-4.8947713587313,-2.02110534788051,-1.62761581112502,-3.13003040600965,-2.18207834018959,-1.81839861682466,-2.47421451141715,0.208668693733978,2.50402432480772,-0.727359446729863,-2.99290526441304,0.232516544446419,-3.30888928635307,0.268288320515103,-0.411375424789835,1.91379001967446,-0.649853931914397,-0.953914028498183,-0.566386454420789,-2.12842067608656,-1.95552375842127,-1.82436057950278,-1.94359983306505,-0.673701782626838,-4.38800453109164,-2.06283908662732,0.989685804566866
"31",-4.50414911452684,-1.19894616717621,-5.7185928232294,-5.48331196551092,-5.18885867650996,-4.93385367503064,-4.59431662886205,-5.13532171487341,-11.3258851209513,-8.91672184730696,-3.51371532425083,-3.31224728440806,-4.78028712717846,-3.38973499203991,-3.58134096000226,-5.48894743515688,-2.60076924160668,-2.07103509488722,-4.28859240056918,-4.32663182067935,-3.43763648403048,-3.97864157004184,-0.291635554178007,-0.278955747474616,0.329674974288162,-2.47256230716127,-4.29000126798067,-2.08089716676764,-3.49258231307852,-3.47990250637512,-2.43170515222812,-3.09246396821596,-3.20799109595796,-8.07421913523718,-3.67150847433747,-2.19783316192113
"32",4.64730679156909,-0.164871194379393,-6.22014051522248,-5.44918032786885,-3.17470725995316,-2.31194379391101,-4.17142857142857,-3.32552693208431,-7.22341920374707,-1.31896955503513,-1.07915690866511,-0.864637002341922,-2.27259953161593,-1.47634660421545,-0.818735362997654,-2.96955503512881,-0.458079625292744,-0.0496487119437914,0.328805620608898,-2.21264637002341,-0.47400468384075,-2.34285714285715,3.20468384074942,2.72693208430913,5.34145199063232,3.29648711943794,1.49039812646369,-0.846838407494142,-0.0599531615924992,-0.215456674473072,1.8688524590164,0.731615925058554,-0.313817330210767,-2.72037470725995,-1.30772833723653,1.56065573770492
"33",-2.36199872930448,-0.90069888253541,-13.0707229260879,-13.0009592505388,-12.0666243101494,-12.3693488308355,-11.8548417236611,-12.2946020356044,-18.0687919672111,-14.3688256032689,-8.51116841698745,-8.30810628994281,-10.2041833289731,-9.00200570567204,-8.90483487187153,-7.59302861556477,-5.67577331788566,-5.61223854193917,-7.15326830362149,-10.5492643669569,-7.97174571140262,-10.2440482864297,-0.224240385693454,-0.9779372376076,0.772383550721935,-1.46877452629219,-3.55794745300295,-4.43373073712798,-6.23637428211932,-6.27001033997334,-2.94253217226644,-4.45366321585629,-8.39406510445865,-12.7605237258786,-8.89611441242791,-5.68823111709086
"34",1.12806539509537,0.335149863760231,-8.34332425068119,-8.51771117166212,-7.37329700272478,-6.82016348773842,-7.29700272479563,-7.0517711171662,-12.9155313351498,-8.19073569482289,-3.66212534059944,-3.49591280653949,-5.55858310626703,-4.0408719346049,-3.92643051771116,-4.7275204359673,-1.49046321525885,-0.0871934604904536,-3.34332425068119,-5.30517711171661,-3.29700272479562,-5.43324250681199,1.38147138964579,0.613079019073573,2.54223433242507,-0.0136239782016225,-1.94277929155312,-1.17711171662124,-3.2534059945504,-3.39782016348774,-1.74931880108991,-2.59128065395095,-2.66485013623977,-7.69482288828337,-3.80653950953678,-0.267029972752041
"35",6.00584177490522,-0.485985954881617,-7.42278292213039,-6.42595239574918,-4.70325026412281,-3.27139394692686,-4.33907153066932,-4.34777204648562,-9.09328195885899,-3.41930271580387,-1.06146292958797,-0.718414020259776,-2.48959045429122,-1.30134857995152,-0.876266235783977,-3.00416381828351,0.20135479460567,1.31999254241501,0.238642719532649,-2.3603256478777,0.193897209620274,-2.42495805108447,3.67037474364552,2.99297744080542,5.59443166987758,2.61139767571935,1.06021999875706,0.259772543657949,-0.124293083089937,-0.146665838046107,1.65434093592692,0.669939717854703,0.308246846063022,-4.22347896339568,-1.29886271828973,2.08812379591075
"36",7.00086698043101,0.226034183799853,-8.58620262571217,-8.29824126826852,-6.7624473619024,-4.83031954421601,-6.57666584097103,-6.08744116918504,-7.53034431508547,-4.60118900173395,-1.37478325489225,-1.07134010403766,-3.02514243249939,-1.79279167698786,-1.45838493931138,-3.22330938815954,1.2973742878375,4.35657666584097,-0.544959128065401,-2.94463710676245,0.947485756750065,-3.8332920485509,2.64119395590785,1.70918999256874,4.1676987862274,1.811369829081,0.879365865741884,0.978449343571956,-0.97225662620758,-1.027991082487,-0.331310378994301,-0.662620757988601,0.219841466435466,-4.15221699281645,-1.49554124349766,2.62261580381471
"37",2.34133790737563,-0.79416809605489,-3.26929674099486,-2.90394511149229,-2.05660377358491,-0.885077186963989,-1.61921097770155,-1.68953687821612,-6.69639794168097,-2.61234991423671,-0.0754716981132145,0.195540308747851,-1.34648370497428,-0.116638078902238,0.0120068610634612,-1.36192109777016,0.415094339622637,0.938250428816461,-0.174957118353351,-0.843910806174965,-0.0686106346483812,-0.593481989708411,2.97427101200685,2.66037735849056,4.42024013722127,1.40137221269297,-0.205831903945119,1.11835334476843,-0.0222984562607294,0.0240137221269225,0.953687821612345,0.303602058319039,0.816466552315607,-3.10291595197256,-0.214408233276158,1.852487135506
"38",4.48224852071006,0.0499260355029605,-4.80954142011834,-4.86131656804735,-3.57063609467456,-2.73853550295858,-3.97189349112427,-3.29326923076923,-5.46597633136095,-3.90532544378699,-0.758136094674563,-0.582470414201192,-2.04511834319527,-1.05214497041421,-0.800665680473372,-1.99519230769231,0.809911242603542,2.28735207100591,-0.306952662721901,-1.88979289940828,-0.00554733727810672,-2.24297337278107,2.33912721893491,1.66050295857987,3.36353550295857,1.49593195266272,0.160872781065082,0.761834319526626,-0.543639053254445,-0.689718934911251,-0.125739644970423,-0.4474852071006,-0.0739644970414185,-3.52625739644971,-0.859837278106515,1.75295857988166
"39",7.6154741431723,-0.731321764205186,-3.91543766393941,-3.40125419076901,-1.7649000295308,-0.844233675543275,-2.21654767488319,-1.65546233084928,-3.88764396268696,-0.408219987145412,0.738270189518295,0.932826098285474,-0.585404832629811,0.396060242847467,0.837285250230165,-0.578456407316689,1.55123595115257,1.98551253322216,1.66241075616239,-0.343947052999115,1.37926242465301,-0.554136918720799,3.55411954765751,2.89054493025518,4.8308926989421,2.93918390744698,1.51128250560216,0.870290270467451,0.786909166710099,0.741744402174856,1.59813782201609,1.07179460454774,1.75274028523286,-1.34973161707228,0.595827470599481,3.38214602115796
"40",5.81270732329675,-0.230671089563663,-4.95330441439144,-4.3327379433529,-2.90686399591733,-1.73615718295484,-2.77519775452923,-2.63944883898955,-6.8854299566216,-2.16177596325594,-0.166368971676459,0.0887981627966207,-1.44322531257974,-0.441949476907381,-0.0540954325083047,-1.35034447563155,0.626690482265874,1.17581015565195,0.812452156162279,-1.21663689716765,0.535850982393459,-1.17887216126563,3.95202857871906,3.30594539423321,5.59530492472569,3.06812962490431,1.61367695840775,0.784894105639185,0.604235774432252,0.544016330696608,2.13727991834651,1.26358764991069,0.917581015565196,-2.87011992855321,-0.372544016330706,2.46185251339627
"41",3.27477400648131,0.284268576951488,-7.14082665302178,-6.236852578316,-4.57103871738019,-3.21507760532151,-4.3663653419751,-4.24697253965547,-9.29558246631418,-4.33225311274092,-1.69708340440048,-1.39291602706237,-3.10137017454091,-1.95576780942635,-1.48103928591734,-3.61021092728411,-0.406504065040652,2.07231792597646,-0.864176473932577,-2.70055148103929,-0.901131388936268,-2.7574051964296,1.96429586673488,1.51230882938199,3.59031212689749,1.12570356472796,-0.361021092728417,-0.0454829723122558,-1.39291602706237,-1.38723065552334,-0.0369549150037104,-0.838592302006941,-0.571379839672524,-4.8012962647109,-1.8505884359543,1.24509636704757
"42",6.21194038985281,-0.91802074726888,-7.13455124085804,-6.26549160011016,-5.60298662749777,-4.20606505707028,-4.19688484959759,-4.74922733253771,-6.76428287279291,-4.81960892316165,-1.1230453808256,-0.673215214663848,-2.36849352795373,-1.1643563144527,-0.989932372471605,-2.03800605893692,0.507971480155463,0.989932372471626,0.319777226965334,-2.31035221396002,0.789497842651252,-2.53067719330456,3.26815386027725,2.64083968297684,4.90376082499465,1.78096024970165,0.951681508002081,0.498791272682774,-0.258575843814066,-0.120872731723727,1.24544814712814,0.49420116894643,-0.038250864469524,-4.45852076256924,-1.30052939196425,1.98292481410081
"43",7.58321612751992,-0.705188310673537,-7.34489764025629,-6.49515549304579,-5.49109235818097,-4.11783091107985,-4.47335521175183,-4.87380840756368,-6.69831223628692,-4.66088451320519,-0.982575402406626,-0.564541334583532,-2.10384435067979,-1.17596499453039,-0.898577902797314,-1.39670260978277,1.01383028598218,2.00421940928271,0.390686044694489,-2.25425847788716,1.03727144866385,-2.56094702297234,3.33255196124395,2.60001562744179,4.78590404750743,2.39099859353023,1.63697452726989,0.880997030786061,-0.0234411626816699,-0.0546960462572251,1.17401156430692,0.574308485700885,0.248085638381002,-4.04946085325832,-1.11345522737928,2.44569463978747
"44",7.18571451307434,-0.861012525265392,-7.37351391784571,-6.67165343052219,-6.02549615647829,-4.38304712491844,-4.48490442920121,-4.94962837999141,-7.06794200499738,-4.40532841023029,-0.900800534750852,-0.442442665478329,-2.3108875909156,-0.981968074101196,-0.816449954641666,-1.88913469036971,1.06791017458978,2.37295688571292,0.617509907214359,-2.1803829198033,1.34006015947034,-2.57985453503731,4.06315152865532,3.32468607260516,5.8201900275333,2.47640571037512,1.69656072446007,1.45305810640905,0.120955548835804,0.327853198160196,1.82069931405471,1.02016456320723,0.375598809542752,-4.20797988318241,-1.09655754141932,2.59417821845208
"45",7.61446806867118,-0.76472973755866,-7.14327095765019,-6.10238881486201,-5.05571326497113,-3.68846918872989,-3.85647799470869,-4.43195643357859,-5.91893092327597,-4.34891759843963,-0.822663808585833,-0.395882818685666,-1.92341115810208,-1.00612170017187,-0.679759766718801,-1.26875615549504,1.20502867736516,2.90829036556399,0.683622038120617,-1.96203387212019,1.26875615549505,-2.18025220632253,3.39300542649132,2.65724272444626,4.8085278952552,2.39074599772126,1.67429465268525,1.00032829306916,0.0579340710271733,0.146766313268834,1.351794990634,0.753142923353225,0.378502597377514,-3.68267578162717,-0.953981036247417,2.5046830040747
"46",2.59069979254162,-0.313717553003074,-7.73414967363253,-7.85305874614178,-6.82082679755097,-6.17062186914942,-6.48180944188635,-6.3629003693771,-12.8396498507312,-8.2578555887264,-2.73743864797853,-2.49203056216161,-4.6501037291909,-3.02332641805392,-2.93730708900469,-3.70642108991549,-0.885493093153859,0.189748519961551,-2.46420077923391,-4.34650609725243,-2.25421241714314,-4.53625461721398,2.42878105550777,1.73809644284776,3.8607498861509,0.99681222486466,-0.771643981176946,-0.192278500227682,-2.16060314729545,-2.2668623184739,-0.513585994029236,-1.40919900824772,-1.66725699539543,-7.54693113393715,-2.88164752314931,0.771643981176964
"47",4.50169875424688,-0.906002265005663,-6.04473386183465,-5.48202151755379,-4.69634767836919,-3.41166477916194,-3.9106738391846,-4.23272933182333,-6.49065685164213,-4.40968289920724,-1.15019818799547,-0.789212910532273,-2.36056058890147,-1.25990939977349,-1.07587768969422,-1.66336353340883,0.300821064552664,1.42624575311438,-0.247734994337487,-2.18714609286523,0.318516421291053,-2.41010758776897,1.98895809739525,1.50410532276331,3.3054926387316,0.732587768969425,-0.0318516421291065,0.169875424688568,-0.948471121177805,-0.743204983012461,-0.0601642129105304,-0.445922989807479,-0.0955549263873196,-4.21857304643262,-1.2280577576444,1.63151189127972
"48",0.336680183752554,-0.0852923132173191,-11.7808137185952,-11.6281853686274,-10.5343488605246,-10.4759909620075,-10.3308443939009,-10.5463197115025,-14.4173936464709,-11.4980023642431,-6.52860285205525,-6.32509838543148,-8.16412036690659,-7.05831300782596,-6.85780125394666,-6.07371051489625,-3.59724071884962,-2.56176210926395,-5.18487482978947,-8.49631148154246,-5.64275987969295,-8.42149366293076,0.667374942016188,-0.197519041134844,1.62354666387346,-0.444417842553399,-2.24004548923372,-2.80117912882132,-4.70454443430248,-4.85717278427032,-2.09040985201036,-3.34884556105882,-6.22035343937514,-10.1467925601161,-6.80842149366295,-3.35932005566446
"49",3.58128294418756,0.150330155468023,-7.03507069323133,-6.60310936043082,-4.89239024947194,-4.18450647941999,-5.33196323571388,-4.78392418793172,-8.6829936632985,-4.18070065269927,-2.13126296359726,-1.9238454073186,-3.66881695876386,-2.57464177655992,-2.12936005023691,-3.01040893608114,-0.799223611348965,0.131301021864479,-1.08846644212288,-3.53180719681832,-2.06275808262449,-3.50706932313371,2.33487469315523,1.63650548990504,3.85149664135792,1.57751517573405,-0.372971018629518,-0.896272192727058,-1.50901029476128,-1.76400068504881,0.0114174801621286,-0.945747940096287,-1.46334037411276,-4.53654545108561,-2.30252516602919,0.736427470457271
"50",3.06998939554613,0.265111346765645,-7.1712619300106,-7.18451749734889,-5.6442205726405,-4.87539766702015,-6.1373276776246,-5.41622481442206,-8.13096500530223,-5.61505832449629,-2.60074231177095,-2.39395546129374,-4.03499469777306,-2.95864262990456,-2.67232237539767,-2.79427359490987,-0.774125132555678,-0.1882290562036,-1.84517497348886,-4.00583244962885,-2.25609756097561,-4.18610816542948,1.06044538706256,0.296924708377524,2.45493107104985,0.243902439024387,-1.42629904559916,-0.864262990455993,-2.30646871686109,-2.56362672322375,-1.72587486744434,-2.17391304347826,-1.76829268292683,-5.16171792152705,-2.69618239660658,0.233297985153767
"51",-1.44386678334277,0.473567715035768,-6.96968137128738,-6.92335409481649,-5.82694188500541,-5.71369743140989,-6.05343079219644,-5.82179440984197,-10.1585422350337,-7.65944304318731,-3.95068718793433,-3.74993565656046,-5.35080043238792,-4.16688114479848,-4.05363669120297,-3.69073969218098,-2.70242446080199,-2.98296185720904,-3.68301847943583,-5.15519637617749,-4.35219025068205,-4.869511504607,0.213620219282438,-0.275389921243628,1.22252535131518,-1.16075564935399,-3.18886086374634,-2.43218201472178,-3.62124877747466,-3.81685283368509,-2.37813352550574,-3.20945076440006,-3.44880835949967,-7.14984300200751,-4.05878416636639,-1.6240284140629
"52",6.18419273197968,-0.446281949730482,-5.56789861092328,-4.63283166863082,-3.22636734220744,-1.78512779892197,-2.77428952299994,-2.81292865284673,-6.55126446552423,-2.32993952976178,-0.283997604373946,0.0560267382778607,-1.58034041073395,-0.523560209424072,-0.0850060856629449,-1.59386410618032,0.846196943644834,2.10969648963506,0.838469117675479,-1.34270976217616,0.44434999323816,-1.25577172002086,3.69583276984603,3.05442321438922,5.36697513571995,2.6313247425668,1.22099650315876,0.631749772995122,0.247290431019494,0.245358474527158,1.75614845153688,0.884836073491636,0.801761944321026,-2.89020691254032,-0.448213906222831,2.48256409265664
"53",5.49241834542453,-0.415667714917349,-6.74409191393967,-5.8037799296323,-3.87800853130741,-2.70417535884424,-4.1224273749105,-3.73789581841394,-8.10629884484853,-2.76177725192266,-0.979232182333351,-0.708347604072607,-2.42239312513624,-1.36687735467198,-0.806426503098049,-2.51268798455647,0.115203786156861,1.03683407541177,0.200828221813978,-2.22156490332224,-0.382974748575535,-2.21689447955912,3.40318211539059,2.79914064202758,5.28536289192639,2.71351620637045,0.938755176386329,-0.303577544602558,-0.213282685182303,-0.319145623812931,1.54746707351246,0.519973845626921,0.00778403960518643,-3.43431827381138,-1.19251486751565,1.93199863000902
"54",2.83923556407973,-0.573669429412975,-3.9557503938626,-3.53277621754915,-2.58579354750325,-1.41276799780806,-2.13370778820468,-2.18165627782725,-7.44057812178916,-3.0087677238167,-0.248304678402623,0.0273991369271838,-1.59771217206658,-0.344201657647785,-0.181519282142615,-1.60969929447222,0.440098636892934,1.18672511815877,-0.217480649359549,-1.15932598123159,-0.22946777176519,-0.929858209466401,3.27590930885678,2.87519693129667,4.73491335022947,1.77066922391944,0.0976094253031067,1.14048907459416,-0.013699568463598,-0.0119871224056406,1.15418864305774,0.419549284197543,0.643879717788886,-3.45400369888348,-0.404137269676,1.89567778614974
"55",0.296829607174446,-0.355774493705522,-7.67967664519388,-6.73866363521536,-5.67765567765567,-4.69032882825985,-4.50296829607174,-5.18715001473622,-13.3468064502547,-7.64178350385246,-2.75356827080965,-2.41042482421792,-4.21034903793524,-2.78093553955622,-2.56410256410256,-4.50717864510968,-1.64835164835164,-0.482084964843584,-2.14938318386594,-3.59774325291566,-1.8988674161088,-3.26933602795671,1.16837185802703,0.879962948928465,2.74304239821482,-0.4673487432108,-2.05254515599342,-1.46730663972042,-2.33674371605406,-2.25464190981432,-0.719969685486924,-1.61466885604816,-1.73255862911035,-7.95334933265967,-2.95566502463053,-0.336827923034812
"56",2.71382374112313,-0.0472716724502961,-7.37545525843639,-6.8167900385694,-5.41905263270986,-4.70245705261123,-5.32558364400134,-5.31161701350466,-10.3546449789963,-5.37715274121983,-2.46135003599094,-2.20457890609053,-3.78603122079094,-2.74498007069265,-2.45490389883863,-3.75917231598965,-1.50409866887268,-0.994853833840074,-1.53203192986603,-3.77743637125453,-1.94780777619012,-3.68611609493013,2.65580850675232,2.12400219168662,4.32106060443278,1.66310338529635,-0.128922743046234,-1.03567936913806,-1.28063258092589,-1.38806820013107,0.603788179933173,-0.455527025430018,-1.73186218158769,-5.65433663876922,-2.69448532966621,0.234209649867306
"57",-2.69571420079652,-0.0594424300065268,-4.96344290554598,-4.31254829697438,-2.92159543482137,-1.85460381620401,-3.00481483683052,-2.98698210782858,-12.072757534328,-6.31873030969505,-2.07156868572788,-1.81596623669975,-3.56357367889199,-2.12209475123343,-1.85163169470367,-4.36307436247993,-1.86054805920465,-0.683587945075185,-2.68679783629554,-2.56196873328182,-2.46983296677167,-2.11615050823277,0.344766094037923,0.377459430541528,1.7654401711942,-1.2690958806396,-3.51304761338644,-1.66141591868275,-2.52927539677822,-2.60060631278607,-1.51578196516673,-2.28258931225109,-1.02538191761279,-6.61594245972775,-2.2409796112465,-0.579563692563753
"58",3.57058719594793,-1.02332292832323,-5.43318216620531,-5.15489722598505,-4.36568702514872,-3.3909535308322,-3.81058955179929,-3.97844396018611,-7.7890335119854,-4.90458802049591,-1.19412215089229,-0.926144060309802,-2.4736439130691,-1.33547323163908,-1.23534954944343,-2.76223570292715,0.192885328935745,1.72713351787502,-0.683196890276222,-2.32934801814007,-0.266505683491368,-2.38382708051122,2.93745214676952,2.35290653159785,4.19194298839742,1.54013781730372,0.26356086930915,0.780375758289654,-0.547735437893869,-0.60663172153838,0.650803934271737,-0.0265033276400269,-0.431415277695987,-4.54090346899111,-1.36492137346134,1.25154602744566
"59",3.08043444042185,0.398237053360617,-5.26837714465606,-4.61356839288525,-2.60192035258934,-1.27498819455376,-3.12450810640642,-2.42247756965214,-8.14890602864787,-1.65118841492207,-0.947583818668352,-0.728789548244925,-2.50275460412404,-1.31906186053832,-0.678419644262549,-3.29293247284747,-0.514717456319846,1.43711632299702,-0.0409255469856701,-1.81331654336534,-1.09869353061545,-1.65591059342042,2.71997481504801,2.22414607272155,4.65134582087203,2.06988824177554,0.0456477254840288,-0.856288367700294,-0.639068156776324,-0.741382024240522,1.06091610262868,-0.0330552494884319,-0.119628521958131,-3.31182118684086,-1.17582244608846,1.34109869353062
"60",9.10916045076862,-0.524626679757895,-5.86907780008499,-5.55987045531147,-4.2937323231583,-2.91182461642169,-3.4496402350562,-3.65626694412285,-10.3635750816982,-3.74419320330015,0.542211931593377,0.811852459737103,-1.38337314438958,0.178783393660517,0.483594425475166,-1.64861735957444,2.06040534005482,2.78140066530871,1.26760356980614,-0.866073652896429,2.39599056258152,-1.14743768226381,6.06105013262212,5.05575990269494,7.58363985404242,5.00153870953562,3.74565864095312,2.30073711513945,1.54457128621463,1.32915195123025,3.65040519351104,2.5073638242061,2.05161271413709,-4.80663550169258,0.287225779979188,4.34062632805288
"61",8.85051360760037,-0.511035275153044,-4.78281000805994,-4.45012261416837,-3.12966233944403,-1.83321043335105,-2.45399825081885,-2.50372987155523,-9.38555725138477,-2.97532282681392,1.07866170493716,1.33417934251369,-0.874590571570658,0.790561281360941,1.10095519009484,-1.22785656714626,2.2482122339787,2.38711779534581,1.3976300310394,-0.125186493577762,2.51401917239724,-0.330972510417913,5.95407542057517,5.02975322826814,7.49061101298167,4.7965290758493,3.42976694733593,2.19162107934767,1.68230068766828,1.56568861145886,3.56009809133469,2.53288289060759,2.4677173186082,-4.38495704216898,0.843722669044646,4.58388352511447
"62",1.47235351489235,-0.301973141270902,-6.37519693900518,-5.56493360342111,-3.64243379098207,-2.79653387350889,-4.13009227999099,-3.74559231750319,-9.63125515792632,-4.20511666291544,-2.07067296871483,-1.85497786780703,-3.47925575812138,-2.35389001425462,-1.82871933378347,-4.56710931052591,-1.41420961812589,-0.105034136094226,-1.43671693300322,-3.02535824142846,-2.04629004426437,-2.80216070222822,1.37294620751744,0.997824292895198,2.97659239252758,0.675219446320053,-1.42358766599145,-1.93000225073148,-1.8812364018306,-2.0500412634106,-0.36949508590291,-1.38232425538299,-1.47798034361167,-5.09978242928951,-2.25448270687973,0.19506339560357
"63",3.7243901217252,-0.643690828031854,-7.91714672143466,-7.67920653208435,-6.15388468667034,-4.61603967339577,-6.31668586885738,-5.91844913089215,-9.0041576917297,-6.24906076241045,-2.83023593648248,-2.55973551069478,-3.85964033461904,-3.0706807594049,-2.77012473075188,-4.26789560687272,-0.783950308069918,1.52532184541402,-1.76827130190852,-3.99989981465712,-1.06697390171817,-4.3580624154686,-0.398236737965233,-1.09953413815559,1.24730751891,-0.851575414516847,-1.7908130040575,-1.54285428041877,-2.59980964784851,-2.68997645644442,-2.78264789861243,-2.70500425787707,-1.74072033261534,-5.69303210940238,-2.91539347793418,-0.267995792215597
"64",-2.12529063103776,-0.628745456331664,-8.88594164456235,-8.25555883027148,-7.50564888495924,-7.40413269148902,-6.81795854209648,-7.55313226577594,-13.1725447817402,-10.6919474735567,-4.89897501391755,-4.62062416085405,-6.15646592658088,-4.97265612208142,-4.95955725840783,-5.57684120902513,-3.2665291285981,-3.0978812588008,-4.53220683105741,-6.13518027311131,-4.3160755804434,-5.76677473229198,-0.255427841634736,-0.558339064086192,0.666404689393189,-1.89278580083178,-3.64475881717261,-2.91940924124832,-4.14415299472771,-4.22929560860595,-2.49533352981629,-3.39915512329306,-4.43724006942398,-9.39188525395423,-5.06926024167404,-2.58866293349052
"65",2.90136802136512,-0.277964500481439,-4.25122177206912,-4.2639391021565,-3.22838508075505,-2.10017622585978,-3.1975001362571,-2.8777501226314,-6.59121050814818,-3.62080555202297,-0.654034118779862,-0.426938938647965,-1.83856257834784,-0.746688952273679,-0.644950311574594,-1.75317479061825,0.328833820830982,1.29898443035444,-0.441473030176411,-1.60601711389278,-0.00908380720528052,-1.72774013044347,2.39449157931072,1.92576712751849,3.81338226477481,1.29171738459023,-0.0399687517032111,0.872045491706478,-0.432389222971131,-0.494159111967005,0.109005686463315,-0.245262794542445,0.296132114891988,-3.82973311774432,-0.750322475155794,1.54243046345584
"66",4.04353113992829,-0.273254252815469,-4.89804299410846,-4.17620950545719,-2.76887112823995,-1.94910836979356,-2.66462384103869,-2.53352497986133,-6.43963924120612,-3.14005465085057,-0.47069229675728,-0.199017548293342,-1.63952551689281,-0.554406027388604,-0.260618218003189,-1.73903429103948,0.101088278498207,0.0284310783276219,0.03948760878836,-1.32046563788284,0.118462826365091,-1.29045505520368,2.56353556254047,2.22710113566362,3.93454533967241,1.58108385588602,0.0505441392490981,-0.0126360348122801,-0.208494574402549,-0.0758162088736583,0.737628532166604,0.221130609214829,0.311162357252299,-3.97245344410923,-0.611268184043848,1.83538405648307
"67",2.43694682904106,0.66014507220338,-6.44706195514739,-6.08371597790643,-4.80867771344912,-4.35216610101816,-4.60238237838557,-4.5038929926133,-6.96080388633791,-4.79137552405669,-2.12683835762294,-1.85399614028083,-3.25813535635855,-2.33579556797763,-2.10288148000266,-2.72576029813004,-1.17787981633059,-0.435216610101814,-1.28967857855859,-3.26079723164968,-1.72622612630598,-3.19957409995341,1.9950755307114,1.25906701271047,2.99460970253544,0.823850402608637,-0.753310707393343,-1.30298795501431,-1.38151327610301,-1.76216144273641,-0.660145072203361,-1.28169295268516,-1.41079390430557,-4.49990017967658,-2.3331336926865,0.366007852532116
"68",3.28094026565937,-0.134234473285799,-6.62431517005637,-5.96406886540655,-4.2705292896499,-3.62276991274761,-4.11288182683754,-3.96772129177268,-7.52961743175116,-3.60716125306321,-1.61081367942936,-1.32829693914186,-3.12173193687858,-1.92454773908565,-1.46097054645919,-3.06710162798321,-0.83350242714659,0.619663789470385,-0.318416657561627,-2.7689762280113,-1.247131908783,-2.66283734215743,2.89696723742331,2.1696036961306,4.13161221845879,1.65295706057719,-0.0811650303588536,-1.33766213495249,-0.920910921379187,-1.25181450668832,0.474503254405536,-0.502598841837456,-0.81008943762,-3.98332995145708,-1.94639986264379,0.908423993631657
"69",5.25899773409918,-0.71033356167992,-5.06718659429835,-4.50756178531907,-3.21757917479053,-2.03509511513938,-2.73383569584233,-2.70221847499604,-5.83970069030932,-2.07619750223955,-0.290878431785842,0.00210781472309591,-1.72103072139958,-0.58913421510249,-0.17811034410075,-1.06023080571218,0.447910628655753,1.20672392896665,0.987511197765729,-1.34583970069031,0.398376982663224,-1.2794435369131,4.11972387627128,3.38725825999894,5.56673868366972,2.762291194604,1.25520366759762,0.52168414396375,0.480581756863575,0.479527849502027,2.03193339305476,1.13189650629709,0.675554618749018,-2.74226695473467,-0.591242029825571,2.15734836907837
"70",4.7924842430729,0.325841360447141,-7.2731597098347,-6.78320846711856,-5.27054346533476,-4.10750386490664,-5.42513973124033,-4.92805327625162,-6.57390890712331,-4.63788797716731,-1.98834581995481,-1.69580211677964,-3.01105957902247,-2.22618622904031,-1.91937210132,-2.32607920085623,-0.211677964086095,0.359139017719118,-1.05363301224878,-3.16327744083719,-0.82768462361755,-3.43441550719466,0.844333452253547,0.166488286359853,2.40932334403616,0.306814127720311,-0.865739089071227,-0.846711856344397,-1.66488286359852,-1.85515519086693,-1.62682839814484,-1.76239743132358,-0.934712807706031,-4.3215602330836,-2.04542751813533,0.889523129979789
"71",0.409993286659632,-0.0767238899012266,-7.53332693967585,-7.37748153831399,-6.08995876090918,-5.39704613023881,-6.28416610722164,-6.0180301141268,-9.3435312170327,-6.93392154982258,-3.5245036923372,-3.33509158914357,-4.77366452479141,-3.79543492855087,-3.60362520379783,-4.8072312266232,-1.85096384386688,-0.306895559604872,-3.13608899971228,-4.70173587800901,-2.84597679102332,-4.73770020140021,-0.469933825644972,-1.06454397237941,0.592212525175026,-1.48412774527669,-3.11690802723699,-2.20581183466002,-3.35906780473771,-3.55567277260958,-3.04977462357341,-3.3422844538218,-2.91311019468688,-6.25539464850868,-3.62280617627314,-1.23237748153832
"72",6.75340488860827,-0.049607648597453,-7.45016686209074,-6.73762063678182,-5.24262649950393,-3.58978984396139,-5.01713718769731,-4.70596193740418,-6.05213312888969,-3.85586723189321,-1.14548570397764,-0.80725173626771,-2.23459908000361,-1.38224948137458,-1.04176062054659,-2.11959953098223,0.791467484441235,2.62695048254713,-0.0473527554793921,-2.39018670515018,0.568233065752689,-2.82989086317309,1.96401190583567,1.24470100117254,3.59429963019753,1.42283755749978,0.487056913502302,0.502841165328761,-0.717056011545048,-0.850094705510964,-0.489311806620363,-0.669703256065672,0.239018670515021,-3.49508433300263,-1.21989717687383,2.13312888969062
"73",0.758127462513769,-0.442552237969865,-9.45605288219147,-9.41497208373014,-8.05743842548504,-7.85763636024127,-8.24790394562396,-8.16760965772226,-13.3680652811234,-9.60543760386908,-4.99131701305249,-4.79711687487163,-6.5598565906672,-5.40212499766587,-5.19672100535918,-5.05667282878645,-2.98022519746794,-2.67025189998693,-4.22945493249678,-6.67749705898829,-4.81392265606036,-6.53558157339458,0.511642671745736,-0.296902134334222,1.68431273691482,-0.41267529363435,-2.3434728213172,-2.8588501111049,-3.96429705151906,-4.21825107837096,-2.25944391537356,-3.18189457173268,-4.34896270983885,-8.83050436016656,-5.18364984221239,-2.06711108621366
"74",4.82823198923158,-0.487212500731548,-6.95411716509627,-5.86264411540938,-4.65119681629309,-3.60215368408732,-3.90794171007199,-4.28395856499092,-8.57230643179024,-4.74483525487212,-1.32703224673728,-0.964183297243527,-2.53409024404518,-1.4894364136478,-1.17925908585474,-2.7008837127641,-0.0673026277286921,0.713993094165154,-0.292620120559494,-2.47995552174169,-0.292620120559494,-2.38485398255983,3.19687481711243,2.62187628021303,4.68045882834903,2.10393866682273,0.787148124305022,-0.0263358108503551,-0.443319482647623,-0.535494820623866,1.23632000936384,0.289693919353885,-0.339439339849007,-4.73605665125533,-1.50845672148418,1.59770585825481
"75",5.99657949119932,-0.0944202950188919,-6.43839521128769,-5.85762132117153,-3.51492909570298,-2.13069194042615,-4.55533385591107,-3.37775244067555,-6.64505095132902,-1.88127984037626,-0.965581130193119,-0.733984180146795,-2.274994655455,-1.36107746027222,-0.717950545143588,-2.79341552055869,0.156773320031356,1.51785078030356,0.288605430057719,-2.07902800541581,-0.190622105038123,-2.43533100548707,2.02558255540512,1.38780018527755,4.21506449084301,2.01845649540368,0.384807240076963,-0.789211145157851,-0.671631155134331,-0.807026295161411,0.080168175016024,-0.443597235088724,0.0694790850138858,-2.97156702059431,-1.11522839022305,1.78864106035772
"76",6.82348761672757,0.0989646772229027,-7.14321965083231,-6.74228583028826,-5.00913520097441,-3.24299634591961,-5.37454323995128,-4.54983759642712,-5.64859926918392,-3.45615103532278,-1.10383678440926,-0.806942752740555,-2.25334957369062,-1.39311814859927,-1.00487210718636,-2.16453511977264,0.992184328055213,2.74817295980511,-0.0938895655704401,-2.31171335769387,0.6293138449046,-3.0171538773853,1.4768574908648,0.735891189606169,3.30643524157533,1.1622005684125,0.20554202192449,0.243605359317914,-0.916057653268365,-0.943970767356882,-1.04293544457978,-0.999796995533898,0.337494924888354,-3.32166057653268,-1.17488834754365,2.08333333333333
"77",6.20361138805803,-0.911155422621028,-4.06696576935861,-3.55599867065472,-2.0092500276947,-0.470809792843696,-2.02863631328238,-1.64229533621359,-5.83942616594662,-1.82231084524206,0.484657139692027,0.751910933865061,-0.738063587016729,0.285255345075868,0.697906281156518,-0.584358037000126,1.28918799158081,1.780768804697,1.21025811454525,-0.342029467154093,1.42350725600974,-0.423728813559338,3.22781655034894,2.64484324803367,4.96981278387061,2.45928880026586,1.13271297219452,0.995624238395915,0.607898526642286,0.729755178907723,1.36673313393153,0.936080646948028,1.65337321369224,-2.72931206380858,0.355876814002424,2.90932757283704
"78",4.405272402171,0.341788376030509,-7.14274411760051,-6.83260281342468,-5.28822570691647,-4.31982530816337,-5.50184344193554,-5.07460797189739,-6.92912638258144,-4.02708989350761,-1.93521844391348,-1.68678892985427,-3.16787189265312,-2.30548918461318,-1.99851258762282,-2.69000110764752,-0.232605978131871,1.27695934933621,-1.06334161431713,-3.31503077677738,-0.968400398753097,-3.54130734053832,1.74691836637815,0.925676851749293,3.12356599205659,0.990553349051387,-0.582306122126042,-0.469959017041943,-1.35132996819469,-1.58393594632655,-0.927259205342023,-1.26113581340886,-0.901941547858285,-3.66314856717882,-2.03965378103391,1.05226513916801
"79",3.47537681841566,0.512276016068833,-5.71713169215276,-5.50477795899602,-4.33573781976203,-3.69429819280405,-3.38342984117254,-3.41298422671497,-4.61705178585112,-2.50774434361899,-1.24347340652604,-0.913996738071515,-2.60625896209376,-1.50946287640794,-1.14714800179516,-2.35887780903489,-0.512276016068833,1.68022154843088,0.284597786704911,-2.28663375548672,-0.98295697100386,-2.22314655691409,3.73589325393784,2.65551627133115,4.61705178585112,2.08632069792135,0.741048852304687,-0.959970226693078,-0.251759580546651,-0.79249537528597,0.746521886664407,-0.122595969657492,-0.49147848550193,-2.62267806517289,-1.6572348041201,1.11212058189302
"80",8.8157981205231,-0.262863902214623,-7.47847801800618,-7.29118748767825,-5.22113425773806,-3.06893605835578,-5.95058158638364,-4.68554905697575,-5.46099756850889,-3.13465203390945,-1.17960176118814,-0.906880462640467,-2.31977393704409,-1.5706118157324,-1.05145560885851,-2.43806269304067,1.33403430373925,3.96924492344089,0.289150292436094,-2.41834790037458,0.824735493198401,-3.25951238746138,0.584872182427551,-0.364723664322799,2.65821121114543,0.670302950647304,-0.0361437865545089,-0.0887165669974288,-1.20917395018729,-1.32417690740619,-2.1259118091608,-1.65604258395215,0.305579286324505,-3.180653216797,-1.23546034040875,1.89919169350069
"81",4.30008465713858,-0.458144514715396,-7.73118868582243,-7.37762063642249,-5.8537921418256,-4.47437876599772,-5.96334843882278,-5.64463921119467,-7.54942482944077,-5.37074846870177,-2.56959314775162,-2.30815198446292,-3.58547881081619,-2.83850405856282,-2.49738558836711,-3.63527712763309,-0.527862158259059,1.22503859369553,-1.34704446989693,-3.73487376126687,-0.87894029181814,-4.06354265225835,-0.323689059309802,-1.03829490563219,1.22005876201385,-0.684726856232256,-1.63836462327574,-1.6308948757532,-2.38782929136996,-2.45007718739107,-2.58204272695583,-2.47746626164035,-1.55619740052786,-4.83541656292017,-2.64429062297694,-0.0497983168168994
"82",-2.05267972859647,-1.01776320805062,-7.33018220629716,-6.59449569261263,-6.04940153998628,-5.80353739422123,-4.99161393611344,-6.02843638026987,-11.4145765037737,-9.48006403903331,-3.59838377677822,-3.30677746435923,-4.82008081116108,-3.56026530456658,-3.58885415872531,-5.30799725546999,-1.99931386750019,-1.19120225661355,-3.39444995044598,-4.55515742929022,-2.6225508881604,-4.18159640161621,0.0343066249904717,-0.148662041625364,0.853853777540597,-1.87542883281237,-3.42113288099412,-1.8411222078219,-3.30105969352748,-3.13333841579629,-1.91354730502401,-2.6320805062133,-3.17526873522909,-8.15163528245787,-3.74513989479301,-1.62003506899442
"83",3.27130235698142,0.170242742669288,-6.6101147670903,-5.7882532507558,-3.91851830109484,-3.24048255011887,-4.40429716164253,-3.99483401332589,-8.32428307258798,-3.87742522527811,-1.70242742669288,-1.46467463089611,-2.95576623910299,-1.97687046875458,-1.53952273327657,-3.12307376207109,-0.997974698406165,-0.760221902609411,-0.877630690657194,-2.83248701165281,-1.30176993747982,-2.77525022747951,2.13977516217089,1.70389503654349,3.74534033872436,1.56887493028854,-0.317003727729012,-1.26067686166309,-1.10657782735036,-1.29589949807742,0.278845871613508,-0.613460917549667,-0.978895770348413,-4.5378496580469,-1.86826733981038,0.906982887669155
"84",6.31578947368422,-0.421052631578947,-7.67213114754098,-7.16134598792062,-5.81190681622087,-3.94823123382225,-5.5358067299396,-5.297670405522,-7.64106988783433,-5.24590163934426,-1.839516824849,-1.47713546160482,-2.86453839516824,-2.02588438308887,-1.69456427955134,-2.62295081967212,0.379637618636766,2.4849007765315,-0.576358930112159,-2.9646246764452,0.362381363244177,-3.44089732528041,0.776531492666096,0.0483175150992335,2.48835202761001,0.172562553925801,-0.303710094909396,-0.331320103537533,-1.59792924935288,-1.70146678170836,-1.57722174288178,-1.62553925798102,-0.500431406384813,-4.85245901639344,-1.89818809318377,1.23554788610872
"85",7.5996075420186,-1.82578278303899,3.66649603276171,3.69848988994113,5.1104854534596,5.89540141626142,4.40448767170036,5.37923385376674,4.4855387765549,5.09342206296391,5.39843016807439,5.52427267298013,4.45141199556353,5.31098029178398,5.6693114921935,4.81614196740893,5.01023803429742,4.82254073884481,5.11475130108353,5.1552768535108,4.47274123368314,5.20006825356199,4.80761027216107,4.54952649091375,5.72903335892842,4.13360634758127,2.79413019366949,4.57725450046924,4.18053067144442,4.24025253817934,3.17592355601057,3.49159628018087,6.17908028325228,3.94804197594062,5.42189233000598,6.50328470267042
"86",4.86656200941916,-0.92922950065807,-5.31531960103389,-5.07587650444792,-4.17043274186131,-3.13654599368884,-3.67093224236081,-3.75180375180375,-6.88834974549259,-3.87866102151816,-0.769072197643625,-0.507429078857651,-2.06618778047349,-0.975215260929538,-0.829329400757966,-2.30087372944515,0.756386470672191,2.74170274170274,-0.130028701457274,-1.94408765837337,0.353614639328923,-2.09948781377352,3.36806051091766,2.66241694813124,4.6112617541189,2.1185164042307,0.922886637172353,1.30662987805846,-0.112585826871538,-0.169671598243026,0.968872397443833,0.363128934557505,0.0618429189857785,-3.62177505034647,-0.93398664827236,1.89493046635904
"87",2.19510888490075,-0.136608362574671,-4.92593683872177,-4.73977446227199,-3.74735488709721,-2.91163313958161,-3.64958615701927,-3.58396057107653,-7.46122733238689,-3.90003482173949,-1.39822676988187,-1.18661773765839,-2.62368414003697,-1.61385369512228,-1.46117376048002,-2.25671657782659,-0.344199501781273,0.342860204108966,-1.15179599817855,-2.45493263332708,-1.08617041223583,-2.32502075911393,2.45895052634398,1.98082125733265,3.7486941847695,1.25224332360111,-0.375003348244182,0.225002008946498,-0.823668068464909,-0.89465084509684,0.308038464629135,-0.385717729622581,-0.707149170974749,-3.96566040768221,-1.55626389521336,0.756703184849862
"88",5.81737375472346,-0.840561662658881,-3.0863534867743,-2.66553589831673,-1.52009618687736,-0.141703881827556,-0.988706630024038,-1.11323428375128,-8.28323600137409,-1.62422706973549,1.31827550669872,1.53941944349021,-0.270525592579864,1.09283751288217,1.37517176228101,-0.567889041566468,1.78418069391962,1.83034180693919,1.83141532119547,0.369288904156641,1.861473720371,0.537830642390936,5.12925111645483,4.56780316042597,6.78997767090347,3.84318103744418,2.28765888010993,2.15346959807626,1.6864908965991,1.72299038131227,3.35902610786672,2.38212813466162,2.34777567846101,-2.69344726897973,1.07888182755067,3.67678632772243
"89",2.35263018768174,-1.08757222159283,-4.11238246289792,-3.90468637891318,-3.1003360900268,-2.35829462633585,-2.60375363468147,-2.78879196404969,-6.25165212794079,-3.41754465465805,-0.609871228427917,-0.383293682262747,-1.80506778444922,-0.704278539330081,-0.640081567916617,-2.30165023979456,0.424832899059706,1.97500094407312,-0.849665798119398,-1.47464219629168,-0.0849665798119304,-1.41610966353234,1.99765869868963,1.50485253578038,2.83033118084665,0.528680941052077,-0.849665798119398,0.836448774593114,-0.704278539330081,-0.772251803179636,-0.371964804954487,-0.687285223367692,0.111400626864553,-3.42509723953023,-0.689173369585731,1.48030663494582
"90",2.97973778307509,-0.609878798198235,-5.59726328498677,-5.22266767797163,-4.20723495812889,-2.95497113137162,-3.64998529480056,-3.75059981734595,-8.86336547838336,-4.26760367165612,-1.2987012987013,-1.02472021423155,-2.63145674349489,-1.45504078757954,-1.2754825627293,-2.93639614259401,-0.0247666517034895,1.97204464188969,-0.866832809621848,-2.30639443988671,-0.456635140782938,-2.24757364209094,2.95032738417719,2.35902357475658,4.43632648638607,1.57732613036545,0.126929089980332,0.622262124049968,-0.72752039378976,-0.781697444391142,0.66250793306812,-0.173366561924383,-0.328158135071132,-4.52765351454269,-1.456588703311,1.31108462455303
"91",6.70429402605917,0.016389412439555,-4.47123658116857,-4.06559862328936,-2.64893878554454,-1.00282717364582,-2.51167745636319,-2.24944685733016,-7.12529705810047,-1.62460050807178,0.604359583708913,0.848152093747428,-0.974145701876596,0.23457346554126,0.654552159305085,-0.931123494222738,1.4699254281734,2.62537900516265,1.50065557649757,-0.510120462181436,1.54060476931901,-0.633041055478171,4.53986724575924,3.87302302712447,6.30787511267721,3.46021470130296,1.99745964107186,1.84483323772843,1.25583872818159,1.3603212324838,2.70835040563795,1.96877816930263,1.78234860280258,-2.42358436450053,0.338031631566007,3.19081373432762
"92",-1.13352359760719,-0.667537367580905,-10.9514826101679,-10.3903642432158,-9.36809687353875,-9.44871732856061,-8.81342814298844,-9.54384946548639,-15.117947725697,-11.9173156613296,-6.3077444009094,-6.03847208113642,-7.62669504506683,-6.58507876618455,-6.4560860381496,-5.9497895806124,-4.31803157097019,-4.46153598090908,-5.33223689514503,-7.88951772843807,-5.79822312517131,-7.48480304422839,-0.251535819668164,-0.830390686725037,0.820716232122415,-1.36409809896968,-3.13613570034989,-3.83269643173866,-4.86463825601832,-4.96299521114497,-2.6040406972057,-3.72788984021027,-5.89496767119754,-10.7241329270062,-6.51896999306664,-3.50215256614909
"93",6.1237683356369,-0.794730037005671,-4.11520798965626,-3.41745062196264,-2.19247402915869,-0.897275848232207,-1.70983993936422,-1.82910517633422,-7.87484952516832,-2.31173926612869,0.597440813232854,0.86829551027687,-0.81702260466361,0.416871015203526,0.734540104329208,-1.2116010522092,1.1257746667261,1.49471666146506,1.23166436310133,-0.364483481207379,1.28070801194882,-0.248562129386062,4.71153417450621,4.15199072629185,6.40131080297828,3.58241562263141,2.17018146150072,1.31080297828703,1.20379865352891,1.21160105220918,2.94373355923134,1.97846537964242,1.64519149315618,-3.38624102724153,0.38343216371661,3.18337866155423
"94",3.53992039764494,-0.66579849966068,-5.72806808385759,-5.41809577960786,-4.28458759010289,-2.78975073824765,-3.79670218814769,-3.72700427358265,-10.6215953485813,-4.90269804295593,-1.0931567652831,-0.799691861851397,-2.57332037196676,-1.24355752829185,-1.05463949670768,-3.184094202234,0.0183415564644779,2.18814768621265,-0.779516149740462,-2.15513288457658,-0.449368133379794,-2.20282093138424,3.25746042809193,2.70721373415748,4.90086388730948,1.95704407476018,0.442031510794005,0.715320702114782,-0.504392802773241,-0.599768896388544,0.891399644173812,0.0605271363327915,0.132059206544272,-5.2328460593166,-1.26006492910988,1.72777461895416
"95",7.9907848415821,-0.173431352246836,-2.22440809001174,-1.72482225443501,-0.283012355905297,1.26665286118589,-0.140643335404153,0.119072271691866,-5.81124456409194,0.688548353696419,2.31328087250638,2.53934562021122,0.826603161455096,2.0181887209222,2.43494167184372,0.339097121557259,2.53675709256575,2.74815351694623,3.09933043418237,1.37537102229585,2.70414854697315,1.47200938772693,6.20470076620419,5.51183819976531,8.07620625388279,5.19948919721129,3.69728032028715,2.77317595085249,2.79388417201629,2.76713605301305,4.4565817629599,3.46948988748533,3.49796369158556,-0.798992199903363,2.08549043970456,4.87851176917236
"96",3.87295692639203,-0.702611007954519,-6.67537766774408,-5.53263186850973,-4.38186277880935,-3.33654264951975,-3.47866950920387,-4.010499048667,-10.6297136831488,-5.3022488136992,-1.26882607798638,-0.911216560071524,-2.50670517846092,-1.32155055819179,-1.06595144763084,-2.81732113793182,-0.473374137496287,-0.145565412740996,-0.231529239162825,-2.30726910116224,-0.349586227448831,-2.1284643422048,3.34800449304265,2.96861747243425,5.04664970313824,2.09751736469294,0.652178896453692,-0.283107535015932,-0.29456937853885,-0.292277009834273,1.69520665703872,0.604039153657476,-0.265914769731563,-5.81803177223025,-1.4900396579786,1.40407583155674
"97",2.89262174838323,-0.706626169962187,-3.43395524700923,-3.23560404140582,-2.53517634661873,-1.68391908923738,-2.06409223331061,-2.12607698506167,-6.40715717266885,-3.77693754003181,0.0123969503502143,0.270666749313003,-1.35539990495671,-0.0185954255253215,-0.0103307919585168,-1.29134899481394,0.785140188846882,1.4359800822331,-0.485547222050041,-0.904977375565616,0.243806690220877,-0.842992623814544,3.34097811938264,2.97113576726792,4.38025579040889,1.68805140602079,0.163226512944484,1.69424988119589,0.0888448108431977,0.00206615839169749,0.952499018574761,0.373974668898112,0.859521890948168,-3.68602657079692,-0.0929771276266074,2.27484038926424
"98",3.75895232248823,-0.562717413546154,-3.55023531819112,-3.49089420912626,-2.11786372007367,-1.30141190914672,-1.89686924493554,-1.51012891344383,-3.97585430734603,-1.58993247391038,-0.0716185799058803,0.175977082054427,-1.44464906895847,-0.341722938408025,0.0511561285041919,-1.44874155923881,0.39901780233272,2.48004910988336,0.769388172703085,-0.900347861673839,-0.354000409249032,-0.785758133824433,3.12257008389604,2.21403724166155,3.90832821772048,1.64313484755473,0.0716185799058657,-0.106404747288724,-0.0204624514016884,-0.433803969715579,0.214855739717612,-0.24964190710047,0.742786985880908,-1.88459177409454,-0.321260487006351,1.97053406998159
"99",2.298463555973,-0.0602527069414644,-4.37540980701413,-4.33996703822502,-3.19870988321608,-2.71491608924489,-2.7379538889578,-2.67238476669797,-6.00932144819153,-3.34934165056974,-0.832905066543796,-0.611387761611935,-2.37998192418791,-1.0880930018253,-0.799234436194156,-2.55187935281504,-0.0513920147441854,2.21162877243971,-0.108100444806748,-1.79163196228889,-0.824044374346517,-1.65163302557195,2.9541547785713,2.0822626663595,3.56554254018324,1.18733275443478,-0.427085363908628,-0.271137181236596,-0.68404543762958,-0.956954757305639,0.0974676141700185,-0.5617678853072,-0.198479505218938,-3.36529089652484,-1.10758652465931,1.30252175299934
"100",1.65469146238377,-0.160608622147085,-6.23837700760777,-6.14961961115807,-4.75908706677938,-3.79754860524091,-4.44209636517328,-4.18005071851226,-7.1301775147929,-4.54987320371935,-2.25063398140321,-1.97590870667794,-3.63482671174979,-2.51690617075233,-2.15765004226543,-3.92857142857143,-1.21301775147929,1.6039729501268,-1.24260355029586,-3.23119188503803,-1.99070160608622,-3.18258664412511,1.24894336432798,0.300084530853768,2.19568892645816,-0.179628064243451,-1.74556213017752,-1.86179205409975,-2.02874049027895,-2.48732037193576,-1.83643279797126,-2.26965342349957,-1.42857142857143,-4.17793744716821,-2.52747252747252,-0.0845308537616212
"101",-0.653779611392069,0.716994942773497,-10.868046313548,-10.8231301570402,-9.60873036997605,-9.62037529944103,-9.82166622305031,-9.71020761245674,-12.3569337237157,-10.0878360393931,-6.45461804631354,-6.30656108597285,-7.90524354538196,-6.99028480170347,-6.77901250998136,-5.68605270162363,-3.73303167420814,-2.84968059622039,-5.3416955017301,-8.19303965930264,-5.86239020495076,-8.09988022358263,-0.0216262975778516,-0.890005323396321,0.761911099281339,-0.944902848017031,-2.78147458078253,-3.6182459409103,-4.88255256853872,-5.13375033271227,-2.79145594889539,-3.88607931860527,-6.24168219323928,-8.8701091296247,-6.68418951290923,-3.57499334575459
"102",1.97453519721976,-0.634282419312102,-7.13918369255225,-6.05295556906198,-4.79685819813924,-4.0799788053049,-4.40257453208036,-4.714261224617,-9.22748453254787,-6.02957906712173,-2.35323452865181,-2.02752193495099,-3.4269951844406,-2.44362366948743,-2.16778094659249,-3.56881262954477,-1.30129194134055,-0.872722739102658,-1.54908286190721,-3.3506319447691,-1.53817382766842,-3.16050306232174,1.40882385026572,1.10025402465442,2.84725793632241,0.391166799133518,-1.15324076238564,-1.53817382766842,-1.74544547820532,-1.81869185095143,-0.335063194476917,-1.17505883086322,-1.64726417005626,-5.77243754577897,-2.50907787492013,0.084155406984902
"103",2.147903372835,-0.501367365542394,-4.79717411121239,-4.81711485870557,-3.59503190519599,-2.72048769371011,-3.66909753874203,-3.36998632634458,-7.90793072014586,-4.56643117593437,-1.11383318140382,-0.928669097538743,-2.54102096627166,-1.2932999088423,-1.11098450319052,-2.77176390154968,0.20795350957156,1.81745670009115,-1.02837283500457,-2.09092980856883,-0.370328167730181,-2.19348222424796,1.35027347310847,0.771991795806748,2.35015952597993,0.102552415679129,-1.33033272561531,-0.145282588878766,-1.42718778486781,-1.41009571558796,-1.12522789425707,-1.35597082953509,-0.282019143117604,-4.53794439380129,-1.1992935278031,1.14231996353691
"104",4.19568168878377,0.0372268208294922,-7.42565584899051,-6.71396662725004,-5.51394910874611,-4.5898480269785,-5.19861603819034,-5.21832435510008,-7.55047518941883,-5.62562957123462,-2.06499364954234,-1.73871151403671,-3.18617790040732,-2.24455831471994,-2.03871589366269,-2.61682652301494,-0.464240353873786,0.137958218368141,-1.41680900451103,-3.28690929794597,-0.832128936188855,-3.42924714229405,1.59856348267857,0.994175097446664,2.92340034161081,0.628476328121576,-0.639425393071435,-0.69636053081068,-1.53943853194938,-1.71462357114703,-0.836508562168802,-1.32483685893226,-1.09271668199536,-5.05408838085228,-2.14820654316122,1.00293434940656
"105",7.68442491705842,-0.689151626167281,-4.85864705957704,-4.26172390382622,-3.17547747447707,-1.82279324170264,-2.42612115234351,-2.66950183816466,-8.24804334738111,-3.15242035687296,0.548247018586595,0.836460988637954,-0.977365596218639,0.324080597435536,0.586675547926779,-1.01707507653684,1.59350301663955,2.09819770197393,1.15926063509548,-0.576427940102736,1.95216929048124,-0.66609450856317,5.10587059833219,4.32064764881447,6.57255946814914,3.95301471812674,2.7873493281412,1.58581731077152,1.268141468226,1.1835987036776,3.02816811200634,2.08026438828185,1.76515044769237,-3.90433858096251,0.349699616995653,3.68017215981143
"106",5.33118936782629,-1.34234746455351,-5.68743115027895,-5.31075654738638,-4.14875093280267,-3.04004832806227,-3.93109697594259,-3.88845456806795,-7.80800255854447,-3.12000284282719,-0.959454177179216,-0.748907288298216,-2.48303187519989,-1.40098077538113,-1.03052485697027,-1.93934117479834,0.483280622579152,1.9038058349028,0.136811058597772,-2.26715468533457,-0.0968338012153165,-2.2422799474077,4.3939447780818,3.71610816957464,5.84645179631142,3.32077751323691,1.76432962581286,1.38054795494118,0.326925127038836,0.497494758537355,2.53988841903272,1.50047972708858,-0.27451050069295,-3.49578906222238,-1.28016061973633,1.43829288227142
"107",3.58832807570978,-0.877365930599379,-7.45103838065195,-6.09884332281808,-5.01938748685594,-3.95636172450053,-3.97114879074659,-4.62999474237645,-9.50315457413249,-5.73573869610937,-1.88452944269191,-1.45734752891693,-3.02149053627761,-1.89438748685595,-1.63972134595164,-2.59266561514196,-0.749211356466882,-1.02523659305994,-0.882294952681398,-2.87033385909569,-0.673633017875926,-2.65509989484753,2.48915615141956,2.13426656151419,4.23895899053627,1.17639327024184,-0.213590956887491,-0.921727129337539,-1.05152471083071,-1.05481072555206,0.763998422712928,-0.262881177707682,-0.834647739221876,-5.61744216614091,-2.06526025236594,0.915155099894839
"108",3.52023653932681,-0.503503096008398,-7.96177661603068,-6.90334883123005,-6.22415529321021,-5.341417950421,-4.8421999871446,-5.62209414436611,-8.4267135174512,-6.95477042401387,-2.24755211792685,-1.82118141109421,-3.37239946007327,-2.29040344524671,-2.14899406509117,-2.69534848841942,-0.404945043172712,-0.008570265463968,-1.3519593769417,-3.37239946007327,-0.612773980674054,-3.37239946007327,1.87046043751206,1.37767017333362,3.00602061148844,0.462794335054531,-0.529213892400317,-0.48850513144645,-1.54264778351509,-1.59621194266492,-0.237824866625237,-0.968439997428916,-1.3819553060656,-5.91348317014119,-2.36753583442246,0.762753626293578
"109",2.69586774800364,0.297741401004104,-5.71314671550124,-5.24597924530652,-3.94538500828444,-2.67718104919585,-3.64639782735981,-3.73235664187564,-10.4022623363357,-4.96069564350762,-1.16480422568549,-0.938072280150989,-2.77435188299635,-1.40648553026623,-1.11871036862627,-2.89020941560463,-0.0784841349927152,0.665246477557282,-0.655280238193116,-2.23866651717307,-0.350064157665914,-2.07546934758505,3.36609734524299,2.96620199075631,4.9918401415206,2.04930796925415,0.325148559255517,0.69389941572922,-0.379962875758359,-0.373733976155769,1.52234306287451,0.521981786697558,-0.0311444980129881,-5.38176925664311,-1.43638424835869,1.17227890520861
"110",5.16868169579219,-0.630906499128885,-6.1176812206325,-5.5052531545325,-4.01905918378122,-2.47083047357584,-3.89103004065256,-3.59933477641097,-8.62150889604563,-3.39871178924028,-0.958238741354732,-0.637505939496336,-2.18837442584869,-1.14434295971702,-0.780053851433409,-2.49062879467821,0.047515970645691,0.989916055118526,0.151787128451501,-2.03790718547069,-0.0923921651444055,-2.13953856712952,3.09381764426376,2.53154532495643,5.14888337468982,2.3084842405364,1.02819280924977,0.0699540678950389,-0.151787128451519,-0.205902539464661,1.20637769917111,0.423684071590726,0.217781532126065,-4.12597011773402,-1.14566284779052,1.74753180930257
"111",5.48864968560162,-0.870875900184228,-6.26360743594039,-5.84796211994338,-5.02580654983938,-3.71035763767299,-4.21278604162543,-4.42441497541147,-7.55469618306665,-4.67562917738767,-0.9454789056196,-0.60443659505794,-2.25788279715596,-1.11600006090042,-0.977451622234734,-2.32182823038627,0.758210136873663,2.37207107078149,-0.0593779022852902,-2.2045949361307,0.607481615687948,-2.46037666905193,3.47589104916185,2.80141897961358,4.88421309054369,2.14064950290037,1.13122516405048,1.2591160305111,-0.100485680790491,-0.133980907720662,1.14188273625554,0.476545728597315,0.140070948980677,-4.2249661241455,-1.12361261247545,2.06604649746502
"112",10.521683960623,0.128937189169266,-11.3567057571478,-10.5605697795788,-10.2453899838317,-8.11280980741288,-6.49802500972146,-7.79353676756513,-12.9673973107386,-7.72190499580443,-1.27095229324001,-0.753156914512601,-3.05356009905652,-1.59841182128897,-1.46742801006939,-2.64832893309593,1.79284091606802,5.97818300894374,0.425697386463639,-2.99420805959764,1.73144225455884,-3.55498250138147,6.4120668836086,4.9384990073883,7.72804486195534,4.95691860584105,4.34702523484987,3.38306624915577,0.982378584146859,0.544401465381384,2.97578846114488,1.90131188473424,0.235361535785176,-6.7149669470539,-1.47561449827061,4.08505761241071
"113",4.44070671784479,-0.950245108609691,-6.24200342145742,-5.72734722042523,-4.97836431333649,-3.93180086542747,-4.14743893848563,-4.46658328661175,-7.79891030893747,-5.31044694584608,-1.21619873204812,-0.884116099538527,-2.44677333563347,-1.32689294288464,-1.20901079627952,-2.53159097770302,0.270266384899588,1.26507669527466,-0.343583329739351,-2.41802159255903,0.107819036529094,-2.57903135377582,2.98874369258637,2.45108609709465,4.34007561708429,1.6129727864752,0.539095182645448,0.600911430255468,-0.422650623194027,-0.39246129296588,0.889866448153439,0.211325311597024,-0.359396788430299,-4.82741766219576,-1.39589712626326,1.48071476833283
"114",4.6181247019886,-0.593217962022834,-6.15936947802428,-6.15095503884666,-5.00098168457073,-3.41345749305808,-4.62513673463664,-4.44983591843604,-8.67668919866491,-3.84399629764676,-1.19625276975291,-0.919978683420758,-2.53414859899588,-1.47533166914426,-1.27478753541077,-2.58884245365047,0.430538804588677,2.77396011555829,-0.35901607157883,-2.44719939416039,0.0883516113651059,-2.69402294337083,3.32510588169298,2.55097747735114,5.06969960452135,2.30836114772951,1.09948671921015,1.29582363335483,-0.283286118980167,-0.378649762993291,0.85687038958854,0.228592264325578,0.106582896249956,-3.81454576052506,-1.37435839901271,1.74880094241719
"115",3.71754572680245,-0.643516570551687,-7.72962403781899,-7.48211766452987,-5.92777764027425,-4.4056134445462,-6.16785882236469,-5.56641833527214,-8.33353958864442,-5.79412419869812,-2.5394153899463,-2.26220825186249,-3.69279508947356,-2.77454644457095,-2.48001386035691,-3.99722792861917,-0.386109942331012,1.63849219117392,-1.62364180877657,-3.72497091800114,-1.05190208647874,-4.10860579659927,-0.126228250377452,-0.794495458258045,1.58404078905032,-0.784595203326486,-1.97015073138133,-1.05932727767741,-2.44783803182933,-2.58149147340544,-2.72257010618024,-2.65574338539217,-1.41326139148083,-5.14813256441353,-2.63099274806327,0.0544514021236009
"116",5.53871448389252,-1.35470722225076,-4.88276901471167,-4.78343523608899,-3.4903834626385,-2.26755039476613,-3.56916542499443,-3.14100258610354,-4.67211289797735,-2.30694137594409,-0.51893336073575,-0.303139289934747,-1.66983507167445,-0.786106972203662,-0.527496617513572,-1.89076709654216,1.01560225384919,2.77106989330182,0.0171265135556442,-1.59447841202966,0.470979122779985,-1.84110020723081,1.91816951823118,1.11322338111632,3.15812909965918,1.12178663789413,-0.0462415866002054,0.734727431536766,-0.455565260579901,-0.587439414958291,-0.539485177002514,-0.58915206631385,0.397335114490754,-2.27440100018838,-0.606278579869495,1.85822672078645
"117",0.314194104997489,-0.45326362688161,-12.6450250453907,-11.7372101108693,-10.6452568279272,-10.6954763774965,-9.74774333947127,-10.9491494868592,-16.0251870356301,-12.6038192611288,-6.86205076037548,-6.55815810144348,-7.97460693544856,-7.23161513797499,-7.02172317439059,-6.54270593234524,-4.39742978920665,-3.92227558943586,-5.40954686514119,-8.62874876060726,-5.60527434038552,-8.23085540632766,-0.203453559793439,-0.885924361632249,0.824115685239316,-0.873047554050396,-2.35259274520661,-4.17594869879859,-4.81077531258449,-4.91894049627216,-2.38220940264489,-3.49605325847614,-6.47832189443592,-11.2401653382093,-7.10027170063997,-3.74071260253156
"118",2.38237785936177,0.0101666195989837,-15.3775769556622,-15.1279299632872,-13.8220841570178,-13.6458627506354,-13.4651228466535,-13.8006212934199,-16.0327591075967,-13.1092911606891,-8.00112962439989,-7.81135272521886,-9.73397345382659,-8.85060717311493,-8.51171985314882,-7.44309517085569,-3.70855690482915,-1.18497599548149,-5.84241739621575,-10.5484326461451,-6.06043490539395,-10.7404687941259,1.00762496469925,-0.220276757977965,1.8390285230161,0.302739339169727,-1.2448460886755,-2.96300480090369,-5.14769839028522,-5.37588251906241,-1.95989833380401,-3.37079920926291,-7.78424173962157,-11.1685964416831,-8.37277605196271,-4.05874046879411
"119",5.59809915854469,-1.06543979659787,-5.58447847932685,-5.22428718445428,-4.41612688419397,-3.10248804407048,-3.69725770325082,-3.83043767782554,-7.0600520612628,-4.1497669350445,-0.625037835220066,-0.292087898783238,-1.94775712815547,-0.762758036200746,-0.641685332041901,-1.99921302742299,0.823294388280158,2.10817846116591,0.121072704158845,-1.81457715358074,0.771838489012638,-2.03856165627461,3.67152975361704,3.01319692475331,5.09262061868151,2.25497911495852,1.20467340638052,1.30758520491554,0.107452024940974,0.0892911193171462,1.34844724256915,0.678007143289535,0.494884678249286,-3.94242992917247,-0.797566438646409,2.2791936557903
"120",2.09869083585096,-0.787512588116814,-7.65961732124875,-6.99496475327291,-6.37059415911381,-5.34541792547835,-5.28902316213495,-5.97381671701914,-9.87915407854985,-7.76636455186304,-2.69486404833837,-2.33232628398792,-3.83887210473313,-2.78952668680765,-2.69284994964754,-3.53474320241692,-0.837865055387722,0.79959718026183,-1.95166163141994,-3.82275931520645,-1.2185297079557,-3.88519637462236,1.31923464249748,0.910372608257801,2.5055387713998,-0.0201409869083545,-1.02719033232628,-0.706948640483382,-1.98187311178248,-1.92749244712991,-0.729103726082582,-1.34138972809668,-1.83685800604229,-6.67270896273918,-2.82376636455187,0
"121",4.25277589757622,-0.976424672724912,-6.21714647810246,-5.70157120843355,-4.99733571438858,-3.93594193297522,-4.11452107665942,-4.48752106225787,-7.89348618171869,-5.39625847890894,-1.28317755663408,-0.94186096749571,-2.53323156242349,-1.38254820916803,-1.26877601278857,-2.59659835534369,0.131054048994043,1.03979146564511,-0.420525080288609,-2.46410415196509,0.0216023157682512,-2.5994786641128,2.89038984979188,2.37481458012299,4.19949018534787,1.44447484770367,0.398922764520358,0.443567550441397,-0.517015424053471,-0.492532799516106,0.835289543039011,0.1324942033786,-0.398922764520358,-4.94116969339113,-1.46175670031827,1.36238604778432
"122",6.09311740890689,-1.04925775978408,-5.05398110661269,-4.88360323886639,-3.95580296896086,-3.09379217273953,-3.73481781376518,-3.64541160593792,-5.60897435897435,-3.53744939271255,-0.425101214574891,-0.175438596491227,-1.64811066126855,-0.654520917678809,-0.509446693657219,-1.58232118758435,0.951417004048583,1.95681511470986,0.323886639676114,-1.67004048582996,0.811403508771933,-2.00404858299596,3.08704453441295,2.4274628879892,4.19028340080972,2.11369770580297,1.09649122807017,1.03070175438597,0.0894062078272678,0.0219298245614003,0.747300944669362,0.398110661268563,0.480769230769237,-3.32658569500675,-0.566801619433196,2.28238866396761
"123",3.45384795667887,-0.367588103960826,-5.05742022227978,-4.51467268623024,-3.17754012014456,-2.07107525687994,-3.08009226708113,-2.98264441401768,-7.01747893769504,-2.42139412105736,-0.729008622284713,-0.477371128298117,-1.99336367785467,-0.933772465430671,-0.638961871985593,-2.19689400387323,0.0579753049871061,0.753678964832432,-0.182560534853022,-1.73309156397637,-0.128285781248072,-1.63194315953076,2.90493283499242,2.46580073764325,4.54057654590534,1.84410810544105,0.251637493986614,0.43173099458487,-0.215865497292426,-0.192428671872099,1.03738790413106,0.296044110572487,0.128285781248072,-3.16767198312548,-0.918970259902047,1.55176454625072
"124",4.60835843225261,-0.102364219768105,-8.41551999055099,-7.66353668379299,-6.66745408374181,-5.67334002637847,-5.93318766117444,-6.17531841177976,-8.73639244867025,-6.4666627295813,-2.3248489143487,-1.9527943463454,-3.55912517962952,-2.54138861001202,-2.36815685348137,-2.84651272662847,-0.541349239158248,-0.053150652571903,-1.45081596094412,-3.72645130809662,-0.846473355774719,-3.94299100375992,2.30319494478238,1.63585897360183,3.61030728951357,1.15356601507903,-0.053150652571903,-0.531506525719016,-1.38191696686942,-1.64176460166539,-0.198822811472665,-0.933089234040048,-1.32482922892183,-5.66743439831492,-2.4468985609953,1.09254119175574
"125",4.25628848330894,-0.287157964491811,-5.71140624568573,-5.47947096667312,-4.30322776596627,-3.54115470635337,-3.85316287931082,-3.79241792528371,-6.14766546097137,-3.39067288842257,-1.1320650523235,-0.86285446061242,-2.46017063809813,-1.41093961399344,-1.14725129083028,-2.32349449153713,0.0510809840682441,2.01424745285364,-0.191898832040196,-2.3248750586741,-0.484579065079934,-2.35386696855068,3.12836513239638,2.23789932904436,4.07957588977552,1.7477979954165,0.37275312698456,0.0469392826573043,-0.451445453792415,-0.766214761023838,0.331336112875162,-0.270591158848052,-0.281635695943904,-3.32716680012149,-1.38470883839081,1.45235662810281
"126",2.3781197465408,-1.19358593042804,-5.44032070347861,-4.9864218285271,-3.8768912453123,-3.15272210009052,-3.65317470580629,-3.74628216733481,-7.82490624595888,-4.0062071641019,-1.37721453510927,-1.15479115479116,-2.61347471873788,-1.58541316436053,-1.37074873916979,-3.21738005948532,-0.407345144187247,0.845726108883999,-0.92202250096988,-2.43501875080822,-0.915556705030387,-2.32251390146128,2.25268330531489,1.80007758955127,3.44109659899134,1.06814948920211,-0.517263675158419,-0.0659511185827,-0.918143023406192,-1.00090521143153,0.268977111082372,-0.460364670890998,-0.783654467865005,-4.19500840553472,-1.54920470709945,0.796586059743954
"127",1.24866089461022,0.300310848070809,-4.58896050297676,-4.27460002458685,-3.20858432412497,-2.75723995012381,-3.16819163695754,-3.03472014892607,-6.11158918880946,-4.23420733741942,-1.0923587573102,-0.885126710103436,-2.11798177060465,-1.16260690890571,-1.04845366256299,-1.57531479952933,-0.788535501659609,-2.13730001229342,-1.1485572785866,-1.90548111202824,-1.05020986635289,-1.87913805517992,1.22583024534167,1.04494125498324,2.12325038197433,0.193182416887655,-1.26973534008886,-0.765704852391071,-0.981717918547264,-0.951862454119166,-0.713018738694436,-0.892151525262984,-0.475931227059589,-4.62057217119475,-1.16260690890571,0.825415781247266
"128",7.25189494094835,-1.36612021857925,3.78459368940596,3.78283095364004,5.05552617662612,5.64251718667371,4.41565309360126,5.25295258240789,3.37916446324695,4.19707385862859,5.51912568306011,5.63546624361008,4.45267054468535,5.4574299312533,5.73417944650097,4.62718138551031,5.17891768023972,5.05023796932839,4.89159175039661,5.20712145249426,4.69945355191256,5.23356248898289,5.44156530936012,5.20888418826018,6.19601621716903,4.5637228979376,3.20289088665609,4.97796580292614,4.38921205711263,4.48087431693988,3.78283095364004,3.92737528644455,6.28062753393266,3.16234796404019,5.51912568306011,6.75480345496209
"129",4.48922168220822,-0.638327558542435,-4.45550310443457,-3.82182638420576,-2.49052391693602,-1.53128851475478,-2.29983954607817,-2.29402599818617,-6.61116666279096,-2.86956723949492,-0.194172499593053,0.068599865125686,-1.39525149408181,-0.355789130990858,-0.0511592214496627,-0.972025207543658,0.345324744785244,0.111620119526549,0.354626421412468,-1.08364532707021,0.441829639792567,-0.95109643513243,3.19628863102574,2.72074041345953,4.64153663697882,2.21728716601167,0.656930911796849,0.377880612980493,0.188358951701051,0.28253842755156,1.36269562588656,0.702276585354509,0.6953003278841,-3.57184382484943,-0.339511196893242,2.18705671697323
"130",2.0956880088451,-0.236204643682785,-9.01723791335814,-8.4845210573927,-7.21554930143732,-6.63760176902202,-7.00195999597951,-7.12760076389587,-11.287566589607,-7.23816463966227,-4.17252990250276,-3.93129962810333,-5.54452708814956,-4.54065735249774,-4.23158106342345,-4.6600160820183,-2.42612322846517,-1.48004824605488,-2.94627600763896,-5.53321941903708,-3.24907025831742,-5.44904010453312,1.5906121218213,0.858126444868822,3.00281435320133,0.667152477635933,-0.951100613126954,-2.21002110764901,-2.81560960900593,-2.83319931651422,-0.566639863302854,-1.71374007437934,-3.69006935370389,-7.18413910945824,-4.40873454618555,-1.37953563172178
"131",6.85125122742285,0.0907549022524963,-5.56580474305948,-5.35156366233227,-3.92180200553456,-2.66164787097926,-3.62573273425179,-3.21659178147411,-4.38301544321123,-1.82253697146427,-0.313922694676702,-0.0163656381111014,-1.64251495224209,-0.668015591989761,-0.267801350909047,-1.40000595114114,1.03847412741392,3.46058856785788,1.13220460023209,-1.50415092093908,0.717112506323086,-1.83890260957539,3.58853810218108,2.52179605439342,4.87398458654446,2.54262504835303,1.42827387151485,0.4998958550302,0.290118130151446,0.0059511411313192,0.795965126312965,0.358556253161543,0.830184187818003,-1.92668194126224,-0.554943910494844,2.58130746570655
"132",3.54946276398666,-0.0827466963072833,-4.4930221069532,-4.30159318266025,-3.2011856243053,-2.18599481289366,-2.68371001605533,-2.57008768679758,-6.05656415956527,-2.24157095220452,-0.569346671606766,-0.286525873780412,-1.94763492651599,-0.80276645671237,-0.508830431023844,-1.98592071137459,0.158083240706435,1.93528467333579,0.30999135482278,-1.58330245770038,-0.564406570334702,-1.4412745461282,3.72113128319131,2.93195010497715,4.98332715820674,2.2465110534766,0.723724836359144,0.414968506854389,0.0691614178090619,-0.177843645794746,1.18562430529825,0.387797949857963,0.227244658515496,-2.63554402865259,-0.848462393479063,1.65246387550944
"133",6.8362845108099,-0.370311221128696,-4.16525263010799,-3.59930529215658,-2.26179306489928,-0.998143453177091,-2.08711796059329,-1.89647256103646,-6.60770966003233,-1.7946619288124,0.784540754197194,1.03208033058512,-0.668756113628638,0.477112570618658,0.852414509013249,-0.846425648294172,1.5561056435031,2.16896572375382,1.5730740822071,-0.33238176990797,1.41337112969877,-0.374303794941409,4.99271355279182,4.33793144750764,6.55880063082668,4.02451440321004,2.61513584732398,1.84756353183081,1.52117062264189,1.48623560178069,3.12917972571018,2.24282833928894,1.77569720320205,-2.49336234603636,0.543988181981516,3.40766174914659
"134",3.28925856290363,-0.504782146652497,-6.34860622905256,-5.85199869206244,-4.59617428267799,-3.6530286928799,-4.44085669909261,-4.39589634594947,-8.60582032207962,-3.99227499386904,-1.88935665821956,-1.66046758767269,-3.20853429248753,-2.20305730401372,-1.88935665821956,-3.07058775443472,-0.711191040627808,0.306547862339585,-1.07393934439631,-3.06343497098013,-1.38763999019046,-2.93161939017412,2.74769067277038,2.11007111910406,4.22014223820814,1.73403907463419,0.12568462355923,-0.334137169950133,-0.976865854655429,-1.01467342434398,0.74286765306957,-0.200277936728519,-1.16079457205918,-4.40611460802746,-2.09883103081828,0.570179023951613
"135",7.17407850385995,-0.397955855170164,-4.07741654887463,-3.55115798629989,-2.04631945199522,-0.666521691856039,-2.04305751875612,-1.66358595194085,-6.38795259323692,-1.22648689790149,0.868761552680213,1.1155811677721,-0.521909318255957,0.542568228770246,0.970968794172013,-0.574100250081555,1.60704577579645,2.33663151027509,1.73534848320105,-0.207676416222684,1.41241709253016,-0.28270088072198,4.75589866260737,4.07089268239643,6.45319125801892,3.94150266391215,2.53778406001957,1.73969772751984,1.52006088942046,1.42329020332717,2.85962813961074,2.0756768511471,1.96259649885832,-2.02783516364031,0.66325975861694,3.51092747635098
"136",5.51560611226482,-0.946905123516109,-3.64969159718564,-3.50401388587548,-2.56950686544959,-1.69699036047485,-2.3184452778725,-2.21926045315067,-4.81046399900815,-2.78182438086973,0.351796175185181,0.5811610823544,-0.909710814245426,0.164274865945502,0.322350680345905,-1.06313733998699,1.52496668009794,2.51216563865728,0.550165824628816,-0.686544958621328,1.18401884511669,-0.83532219570406,3.49781483433034,2.86396181384248,4.40132659703065,2.36958745311967,1.13907572141462,1.76208040169853,0.542417010197431,0.418435979295162,1.16542169048135,0.728388556550846,1.14217524718717,-2.65784334996746,0.237113721600582,2.80042153550506
"137",5.85300913528484,-0.784991813438211,-5.93870024942235,-5.47045951859957,-4.63956175115912,-3.49191290110327,-3.7979525944515,-4.03666355526313,-6.78030940612997,-4.0504353414638,-0.622790775963637,-0.295328304081036,-1.93111046502731,-0.783461614971462,-0.625851172897134,-1.897446098759,0.931890866245344,2.32743186791327,0.327462471882601,-1.85154014475679,0.853850744441543,-2.10402289176906,3.63728175544368,2.97776621627825,4.94560144450735,2.33508286024697,1.39401080320118,1.28383651359581,0.162201037474552,0.226469373077682,1.43685636026992,0.801823996572357,0.34276445655002,-3.84538874692048,-0.797233401172133,2.29835809704519
"138",7.39136824572576,-1.06010875422526,-4.52848674864057,-4.13559986283251,-2.96967618674375,-1.62837407534415,-2.43472297065595,-2.40043109782982,-8.67682359280851,-2.48958996717778,0.61921324646058,0.869054034193896,-0.997403615343164,0.33508058590114,0.6437074413364,-1.42164307059228,1.45691471121344,2.00362514084162,1.45789447900847,-0.543771126243087,1.47161122813893,-0.603536961740067,5.46808406407682,4.65977563317494,7.1699407240484,4.34820947435458,2.99612991720961,1.75280458531328,1.46573262136873,1.45691471121344,3.42232890804879,2.36417968941361,1.68813991084113,-3.73977367363935,0.354675941801788,3.5428403468378
"139",3.63794902583014,-0.0571779807596184,-4.22974112669212,-4.21115828294526,-3.20768472061409,-2.47437711737211,-2.74454307646126,-2.63304601398004,-5.2446502851752,-2.71595408608146,-0.404534213874239,-0.140086052861062,-1.76108180739597,-0.62466943979875,-0.424546507140116,-1.83827208142145,0.461712194633837,2.35859170633388,0.144374401418013,-1.45946795888903,-0.258730362937249,-1.44231456466115,3.72514544648855,2.9117886701831,4.65285818431321,2.18848721357404,0.746172648912891,0.760467144102801,0.120073759595164,-0.257300913418252,0.906270995039811,0.240147519190349,0.353074031190588,-2.63733436253701,-0.651828980659552,1.93261574967479
"140",4.15976643481888,-0.0220807419129291,-5.33495258774027,-4.68847753284509,-3.28267029772199,-2.25100896723462,-3.14159889105606,-3.06186287859271,-6.83766974570345,-2.47672321790011,-0.777732798488696,-0.523804266490011,-1.96150590659845,-1.02920791471927,-0.67468933622836,-2.33810522700228,0.139844698781884,1.40948735877526,-0.0552018547823053,-1.81184754474416,-0.333664544462017,-1.70389725094763,2.97844674247723,2.40680086850919,4.4787104846723,2.13569842613378,0.641568223358984,0.246568284694375,-0.168058980115066,-0.247794992578415,1.07091598277703,0.325077589273667,0.00245341576811486,-3.0471423839841,-0.937204823415395,1.64133514886101
"141",3.66382954737613,-0.918775717265094,-6.52020742911898,-5.87199143227552,-4.85880164590498,-3.69624034721831,-4.23454145764049,-4.43605208274618,-9.53582097965165,-5.51124513838003,-1.58249253142439,-1.26683952426583,-2.90851699453245,-1.69240741784568,-1.49794261879263,-3.16780339326983,-0.403021250211377,0.534073614790605,-0.911729891212454,-2.67600473479511,-0.525618623527429,-2.71123386505835,2.80705709937434,2.30257595400485,4.37263964827236,1.54585423595061,0.202919790316224,-0.294515529000624,-0.814497491685929,-0.796178343949041,0.798996674370093,-0.0605941040527681,-0.652443492475069,-5.7944873456964,-1.76991150442478,1.11324051631812
"142",5.36640275213114,-0.269395188829578,-12.7450484405433,-12.508537171477,-10.7429236334202,-10.2711658614322,-11.0477322743025,-10.7075101813675,-12.0608099562391,-8.93810234487642,-5.43343535780233,-5.2576328636835,-7.10166190271418,-6.25426858573849,-5.80021753977689,-5.40940480105229,-1.85920623276756,0.15050717122404,-3.57802342346899,-7.77451749171577,-3.83603571699593,-8.17797789188778,1.57589861634585,0.289631447145422,2.69648142058534,1.27741380618724,-0.269395188829578,-1.94773986289934,-3.40222092935016,-3.69185237649558,-1.40641995295069,-2.3018743834265,-4.83773050362988,-7.72898591050515,-5.72306680494775,-1.58728151164849
"143",5.33411260471459,-0.171439703876877,-5.33606078316775,-4.87044613286577,-3.77167348529125,-2.85408143385935,-3.23397623222288,-3.40151957919346,-6.30430547438146,-3.4112604714592,-0.444184687317361,-0.185076953048897,-1.61309175920515,-0.646795246444576,-0.475355542567699,-1.8254432105981,0.896162088447303,2.36508864211962,-0.338983050847457,-1.55464640561076,0.457821936489381,-1.61893629456459,3.07032924215858,2.38457042665107,3.99571400740307,2.07870640950711,0.847457627118635,1.06370543541788,-0.00974089226573652,-0.198714202220931,0.592246249756468,0.175336060783161,0.471459185661401,-3.31385154880187,-0.518215468536915,2.40989674654197
"144",2.25659974998161,-0.366754908449151,-11.7012280314729,-11.079858813148,-9.31594234870211,-9.02547981469226,-9.4464666519597,-9.38304287079932,-13.41734686374,-7.74689315390837,-5.30461798661666,-5.09504375321714,-6.96926244576807,-5.93885579822046,-5.44525332745054,-6.08132950952276,-3.17854253989264,-2.41286123979704,-3.34491506728436,-7.29097727774101,-4.49573498051328,-7.23306860798588,1.90914773145084,1.14346643135525,3.54805500404441,1.38613133318626,-0.503713508346204,-2.76490918449886,-3.2070372821531,-3.31090521361865,-0.126847562320764,-1.63706890212515,-4.92959041105964,-7.86271049341864,-5.66310022795794,-2.00106625487167
"145",2.04701365724714,-0.166782050475174,-10.903769903707,-10.8188054628989,-9.23752281452579,-8.63175781987539,-9.63402353829694,-9.16042545157027,-11.8698470640065,-8.72144250739506,-5.35590660205173,-5.12933475989679,-6.75781987538549,-5.83107810434893,-5.53527597709107,-4.94052489143433,-2.69840770344264,-2.28617282396627,-3.89735036817925,-7.17320158600289,-4.44489898672038,-7.36201145446536,-0.147901063628928,-1.0132796274152,1.40191327333375,-0.715904084586818,-2.32236138208824,-2.76606457297501,-4.16325759959721,-4.34262697463655,-2.8950846497577,-3.51186355340172,-4.59752029706086,-7.93316130656429,-5.5384228082321,-2.27201208383159
