"","LDA","LDA + SOC","PBE","PBE + SOC","PBE_SOL","HLE16","HLE16 + SOC","BJ","mBJ","SCAN","HSE06","HSE14","HSE_mix","PBE0","PBE0_mix"
"1",0.4064,0.4262,0.337,0.3586,0.3658,-0.1104,-0.1073,0.184,-0.0102,0.1926,-0.8049,-1.3119,-2.1438,-1.079,-2.2202
"2",1.9379,1.9305,1.8543,1.8644,1.9371,1.0159,1.0219,1.4719,0.9069,1.6638,0.8998,0.5917,0.505,0.2513,0.1779
"3",1.3015,1.3817,1.1503,1.2288,1.274,-0.7954,-0.7524,0.4571,-0.5113,0.7736,-0.5265,-1.2616,-1.9773,-1.2367,-2.6903
"4",1.2883,1.1746,1.274,1.1768,1.3,0.5555,0.6766,0.9973,0.8339,1.0438,0.102,-0.2406,-0.6769,-0.5781,-1.216
"5",0.18,0.18,0.1354,0.1418,0.18,-0.5423,-0.5741,-0.3035,-0.7804,-0.1255,-1.0416,-1.4613,-1.896,-1.7145,-2.4534
"6",0.2065,0.226,0.1485,0.1735,0.1815,-0.2823,-0.3044,0.0343,-0.1904,-0.0349,-0.4854,-0.6403,-0.7165,-0.9297,-0.8008
"7",0.1391,0.1472,0.1483,0.1391,0.1431,0.1241,0.0698,0.1201,0.0973,0.144,0.145,0.1274,0.1306,0.1295,0.1278
"8",1.214,1.2179,1.0953,1.1098,1.1818,0.168,0.1762,0.8617,0.5633,0.877,0.2962,0.1374,0.0626000000000002,-0.3661,-0.1837
"9",1.1383,1.1442,1.018,1.0334,1.1085,0.0224,0.0564,0.7382,0.4431,0.7883,0.2491,0.0885,0.0452999999999999,-0.4013,-0.1765
"10",1.4,1.4,1.4,1.4,1.4,0.685,0.6824,1.1777,0.6754,1.273,0.3738,-0.2651,-0.6487,-0.2649,-1.1668
"11",2.1763,2.2236,2.0614,2.1103,2.1646,0.0543,0.0539000000000001,1.3716,0.6806,1.7159,0.53,-0.2255,-0.633,0.0611999999999999,-0.7124
"12",1.22,1.2336,1.0067,1.0227,1.1294,-0.5109,-0.5143,0.5295,-0.0594000000000001,0.5437,-0.1978,-0.5484,-0.5494,-0.7622,-0.6263
"13",1.7296,1.7614,1.4997,1.531,1.6098,0.3586,0.4034,1.0672,0.4786,1.0898,0.4836,0.1532,0.2554,0.0931999999999999,0.2176
"14",1.3602,1.5249,1.1801,1.3408,1.2653,0.5081,0.7136,0.8542,0.3862,0.8789,0.306,0.0872999999999999,0.1662,-0.2943,0.1403
"15",0.6768,0.8605,0.557,0.76,0.6329,0.0369999999999999,0.4882,0.4224,0.1078,0.4276,-0.2517,-0.3993,-0.4532,-0.8289,-0.5529
"16",0.1828,0.3945,0.0332999999999999,0.2708,0.1043,-0.4021,0.0660999999999998,-0.1948,-0.5656,-0.205,-0.6772,-0.8109,-0.8099,-1.0092,-0.7199
"17",2.3127,2.3994,2.0107,2.0941,2.1797,-0.3484,-0.2149,1.2506,0.2944,1.5492,0.6622,0.0211000000000001,0.101,0.0505999999999998,-0.1448
"18",2.6143,2.6522,2.316,2.3561,2.4954,-0.3474,-0.3309,1.4862,0.4205,1.8627,0.82,0.1258,-0.0202,0.1832,-0.4196
"19",2.8,2.8,2.8,2.8,2.8,-0.00980000000000025,0.0418999999999996,2.1112,0.654,2.8,1.4553,0.3946,-0.6053,0.7473,-1.2904
"20",1.6975,1.7057,1.4708,1.4836,1.5852,0.1259,0.1317,0.9581,0.2118,1.07,0.2938,-0.1208,-0.1732,-0.2375,-0.3812
"21",1.4895,1.5322,1.2466,1.2893,1.3516,0.1253,0.1863,0.8087,0.0651000000000002,0.9233,0.2029,-0.2011,-0.1428,-0.2398,-0.3164
"22",1.1826,1.2779,1.0023,1.1796,1.0773,0.365,0.5846,0.7217,0.1688,0.8555,0.157,-0.1221,-0.0554999999999999,-0.4229,-0.1953
"23",1.7655,2.013,1.5306,1.7375,1.6513,-0.395,-0.1423,1.0756,0.4257,1.2695,0.4223,0.0776000000000003,0.0356000000000001,-0.1108,-0.1635
"24",1.8287,2.0614,1.553,1.7788,1.6932,-0.4984,-0.183,0.965,0.1891,1.2486,0.4144,0.0419,0.0157000000000003,-0.2163,-0.2755
"25",1.5752,1.5807,1.5027,1.5147,1.5827,0.349,0.3583,1.1067,0.6726,1.1989,0.2143,-0.3115,-0.8402,-0.4624,-1.4811
"26",1.7391,1.7474,1.5106,1.5239,1.6292,0.1429,0.1477,1.048,0.3546,1.1957,0.444,0.0962000000000001,0.024,-0.1445,-0.2465
"27",1.0941,1.1041,1.1513,1.1939,1.2191,-0.0216000000000001,0.0408999999999999,0.7556,0.0759000000000001,0.8769,0.2032,-0.1377,-0.1086,-0.2703,-0.3307
"28",0.8682,0.8968,0.6701,0.8638,0.7632,-0.0891,0.1465,0.4137,-0.1436,0.5054,-0.1523,-0.3959,-0.3556,-0.7019,-0.4859
"29",0.0624,0.0961000000000001,-0.0118,0.0199,0.0271000000000001,-0.2791,-0.2841,-0.164,-0.3987,-0.2992,-0.9516,-1.1528,-1.1522,-1.4589,-1.1076
"30",2.6583,2.6646,2.6095,2.6157,2.7019,1.841,1.8464,1.9038,0.940700000000001,1.7657,0.750400000000001,-0.185099999999998,-0.615499999999999,0.136600000000001,-1.1703
"31",0.8949,0.9952,0.7952,0.8927,0.9121,-0.1181,-0.0124999999999997,0.4091,0.0750000000000002,0.4944,0.1622,0.1471,0.1407,-0.4849,0.1187
"32",1.9521,1.9523,1.9742,1.9742,2.0483,1.3329,1.3333,1.3488,0.811800000000001,1.3182,0.6109,0.1463,0.1123,-0.0564999999999998,-0.0716999999999999
"33",1.009,1.0297,0.8706,0.8906,1.0124,-0.3888,-0.368,0.5378,0.1348,0.5502,0.1652,0.1325,0.1318,-0.4993,0.1577
"34",2.19,2.1919,1.9377,1.9446,2.0509,0.310899999999999,0.2977,1.0986,-0.3747,1.3841,0.0852999999999993,-0.7571,-1.8111,-0.463300000000001,-2.4567
"35",0.5531,0.7704,0.479,0.6885,0.5781,0.0947,0.3232,0.1144,-0.1112,0.314,-0.0185999999999999,0.038,-0.0111000000000001,-0.6411,-0.0663
"36",5.9723,6.0385,5.4447,5.5459,5.5279,2.3993,2.4702,4.5092,1.6047,4.6519,3.8068,3.1969,2.1483,3.4571,1.1865
"37",0.8351,0.8404,0.6949,0.7115,0.7742,0.2253,0.23,0.5824,0.171,0.4639,-0.192,-0.2936,-0.3818,-0.796,-0.4435
"38",1.05,1.06,0.9369,0.9564,1.0035,0.4554,0.4608,0.7762,0.4765,0.6798,0.2029,0.1297,0.1042,-0.3116,0.1375
"39",0.5038,0.6959,0.4817,0.6649,0.5054,0.2845,0.6089,0.3739,0.3342,0.4179,0.1499,0.1792,0.1376,-0.3746,0.0975
"40",0.4419,0.6191,0.3702,0.5406,0.4119,0.0455000000000001,0.2779,0.2083,0.0551000000000004,0.1924,-0.3305,-0.3498,-0.483,-0.8369,-0.5651
"41",1.0237,1.0237,0.9871,0.9857,1.0691,0.8641,0.8961,0.8592,0.7656,0.9142,0.4999,0.6082,0.5858,-0.1787,0.9912
"42",0.9826,0.9827,0.9255,0.932,1.0054,0.6535,0.654,0.8355,0.7125,0.7302,0.1952,0.2189,0.2351,-0.5041,0.5523
"43",0.4385,0.4759,0.2504,0.2956,0.3362,-0.4759,-0.2129,0.0620000000000001,-0.5018,0.0159,-0.5703,-0.6935,-0.7545,-1.2227,-0.9341
"44",1.1479,1.1879,1.073,1.1126,1.1458,0.8176,1.0819,0.7698,0.6816,0.8783,0.3646,0.3482,0.2603,-0.1455,0.2889
"45",0.1478,0.2697,0.0427999999999997,0.1703,0.1084,0.2462,0.4055,-0.3234,-1.1206,-0.36,-1.4665,-2.0496,-2.4589,-2.0689,-2.3347
"46",1.0522,1.1416,0.9279,1.0222,1.007,0.9504,1.0614,0.5549,-0.3028,0.5169,-0.513,-1.0627,-1.4623,-3.6774,-1.8088
"47",1.1674,1.198,1.0523,1.0972,1.1147,0.6516,0.6881,0.8756,0.5555,0.7741,0.2004,0.1324,0.0565,-0.2771,0.1089
"48",1.6202,1.6227,1.4068,1.4139,1.5214,-0.00470000000000015,-0.000399999999999956,0.9817,0.3133,1.0748,0.3156,-0.0360999999999998,-0.0145,-0.3323,-0.1902
"49",1.5539,1.5566,1.3557,1.3659,1.4631,0.1522,0.1829,0.9913,0.4582,1.0575,0.3764,0.0717000000000001,0.0781000000000001,-0.2445,-0.101
"50",0.4685,0.6603,0.3288,0.53,0.4077,-0.0179,0.3848,0.2695,-0.1668,0.2102,-0.423,-0.4965,-0.6102,-0.941,-0.6961
"51",0.5394,0.7185,0.3987,0.591,0.4963,-0.5215,-0.0133000000000001,0.0421,-0.4612,0.1512,-0.7019,-0.9716,-1.2503,-1.336,-1.6809
"52",2.2352,2.2997,1.9653,2.028,2.1161,0.5056,0.5686,1.6254,0.6725,1.4551,0.6696,0.3598,0.1147,-0.0678000000000001,0.1967
"53",1.3175,1.3333,1.2015,1.2253,1.2581,0.3485,0.3184,0.7407,0.5549,0.9427,-0.146,-0.7499,-0.5974,-0.8042,-0.7105
"54",1.2971,1.3014,1.1885,1.1954,1.2639,-0.0552999999999999,-0.0476000000000001,0.672,0.5975,0.8352,-0.00539999999999985,-0.246,-0.2387,-0.6704,-0.3586
"55",1.2227,1.239,1.1087,1.1136,1.1593,0.4463,0.4487,0.7957,0.7252,0.9362,0.0069999999999999,-0.4358,-0.2731,-0.5643,-0.1549
"56",1.3617,1.5413,1.2786,1.4484,1.3295,0.0545999999999998,0.2771,0.8104,0.5965,1.0968,0.3195,0.0312999999999999,0.0519999999999996,-0.3128,-0.1695
"57",2.7071,2.7269,2.3142,2.333,2.4499,0.0748999999999995,0.0727999999999991,1.1498,-0.375400000000001,1.8635,0.3695,-0.683,-1.7007,-0.0580999999999996,-1.9745
"58",0.4852,0.4856,0.4375,0.4387,0.4743,0.092,0.086,0.3646,0.2593,0.2983,0.0426,0.1185,0.0236,-0.5251,-0.0609
"59",0.783,0.8025,0.6595,0.6794,0.7244,0.1328,0.1406,0.524,0.0836999999999999,0.509,-0.1352,-0.2947,-0.3744,-0.6405,-0.476
"60",2.975,3.041,2.8398,2.902,2.945,1.3094,1.3696,2.2143,1.4428,2.5337,1.5573,1.167,0.9093,1.0431,0.5143
"61",1.9025,1.9557,1.7056,1.7573,1.8304,0.3449,0.3971,1.3937,0.6841,1.3602,0.7788,0.6823,0.5885,0.2467,0.4975
"62",0.412,0.4333,0.2839,0.3105,0.3572,-0.0869,-0.0114999999999998,0.1539,-0.2079,0.0717000000000003,-0.5499,-0.6422,-0.7489,-1.0716,-0.7894
"63",1.6987,1.8458,1.5443,1.6871,1.6489,0.2274,0.3828,1.1654,0.6793,1.1762,0.7109,0.6477,0.5976,0.0759999999999996,0.5309
"64",0.4816,0.4836,0.4099,0.4118,0.4621,-0.0543,-0.0518000000000001,0.3538,0.2165,0.1772,-0.0388000000000002,0.0347,-0.00219999999999998,-0.6183,0.1746
"65",2.8625,2.8653,2.6943,2.7039,2.7862,2.6744,2.6777,2.1542,0.9323,2.0999,1.0028,0.0771000000000002,-0.1294,0.345,-0.507499999999999
"66",2.0043,2.2881,1.8828,2.1587,1.9712,0.6398,0.9503,1.5209,1.2018,1.546,1.2062,1.2272,1.1764,0.591,1.1442
"67",0.0975000000000001,0.1182,0.0952000000000002,0.1193,0.1125,0.4365,0.4542,-0.0611999999999999,-0.4226,-0.2119,-1.1197,-1.4399,-2.1406,-1.6983,-2.7827
"68",0.23,0.23,0.23,0.23,0.23,-0.3595,-0.2943,0.23,-0.0486,0.23,0.0221,-0.0414,-0.0157,-0.5751,-0.0548
"69",1.7935,1.8029,1.6236,1.6347,1.7457,0.2757,0.2842,1.2486,0.602,1.2726,0.5325,0.316,0.1544,-0.102,-0.1107
"70",3.2983,3.2991,3.2361,3.2371,3.3778,1.9715,1.9722,2.357,1.4162,2.4214,1.3574,0.425400000000002,-0.498899999999999,0.622800000000002,-1.2907
"71",3.0289,3.1753,2.8746,3.0176,3.0183,1.3809,1.5382,2.4252,1.9658,2.4167,2.0274,1.913,1.8963,1.3475,1.7494
"72",0.9393,1.2384,0.8354,1.1273,0.9503,-0.4191,-0.1349,0.4287,0.1551,0.5746,0.1939,0.2001,0.1587,-0.4556,0.0595999999999997
"73",3.42,3.42,3.42,3.42,3.42,3.42,3.42,3.42,2.8305,3.42,3.0254,2.3379,1.9065,2.3356,1.3436
"74",0.2131,0.3098,0.1155,0.2153,0.1916,-0.5898,-0.2907,-0.2805,-0.7332,-0.0941000000000001,-0.8894,-1.1895,-1.545,-1.3273,-2.1192
"75",0.7694,0.8522,0.7104,0.7995,0.7708,-0.00980000000000025,0.1811,0.2851,-0.0639000000000003,0.4661,-0.2793,-0.5883,-0.9053,-0.8078,-1.3711
"76",0.1764,0.4678,0.0370999999999999,0.3614,0.1194,-0.4131,0.207,-0.0962000000000001,-0.5109,-0.0497000000000001,-0.6037,-0.6633,-0.7392,-1.1099,-0.8289
"77",0.1431,-0.0957,0.0159,-0.0619,0.0924,-0.6301,0.1853,-0.1414,-0.4579,-0.0256,-0.4308,-0.4762,-0.4954,-0.9459,-0.6281
"78",-0.0331,-0.1096,-0.1149,-0.1222,-0.0625,-0.5247,-0.0238,-0.2186,-0.3935,-0.0372,-0.4685,-0.468,-0.4919,-0.957,-0.5549
"79",0.639,0.8054,0.5123,0.7224,0.5903,-0.0182,0.3091,0.2424,0.0313,0.3502,-0.4055,-0.7009,-0.6821,-0.9967,-0.8336
"80",0.3525,0.9575,0.2131,0.8456,0.3072,0.0503,1.1708,-0.4153,-1.2471,-0.1195,-1.4517,-2.3523,-3.0944,-2.1682,-3.8484
"81",-0.5958,0.3074,-0.7318,0.2024,-0.6635,-1.0549,0.3055,-0.9053,-1.2121,-0.8621,-1.4376,-1.4787,-1.585,-1.9692,-1.7214
"82",0.7044,0.8298,0.6794,0.875,0.7006,-0.043,0.3054,0.2926,0.0345,0.4789,0.0211,-0.0458999999999999,-0.00390000000000001,-0.5724,0.0156000000000001
"83",0.8713,1.0935,0.7273,0.9513,0.8263,0.0604,0.5127,0.3529,-0.1882,0.4772,-0.2171,-0.457,-0.5761,-0.8274,-0.8746
"84",0.9945,1.189,0.838,1.0394,0.9505,0.0478000000000001,0.4761,0.4512,-0.1419,0.5698,-0.1829,-0.4666,-0.6704,-0.8026,-1.0572
"85",0.4121,0.7053,0.271,0.5704,0.3614,-0.0946,0.3585,0.0300999999999998,-0.5383,0.0503,-0.5112,-0.6318,-0.7093,-1.1421,-0.9293
"86",0.1387,0.523,-0.0248000000000002,0.3985,0.071,-0.4707,0.3863,-0.1389,-0.6343,-0.1341,-0.7583,-0.8322,-0.9437,-1.1566,-0.965
"87",0.1954,0.6269,0.0352999999999999,0.5096,0.1264,-0.5681,0.304,-0.0754000000000001,-0.6153,-0.0563,-0.7071,-0.7558,-0.9592,-1.3476,-1.3047
"88",0.5322,0.8672,0.4379,0.7895,0.49,0.0326,0.629,0.303,-0.0146999999999999,0.3465,-0.1918,-0.1795,-0.324,-0.7924,-0.5407
"89",-0.1207,0.3655,-0.2468,0.263,-0.1752,-0.5637,0.3674,-0.3945,-0.7257,-0.3524,-0.9082,-0.9803,-0.9996,-1.4492,-1.0165
"90",-0.0735999999999999,0.4444,-0.2164,0.3269,-0.1352,-0.5554,0.3771,-0.3436,-0.7395,-0.3363,-0.9444,-1.0272,-1.0597,-1.4488,-1.0636
"91",2.0285,2.0356,1.911,1.9182,2.0925,1.0293,1.0375,1.3573,0.5909,1.4333,0.5722,0.1676,0.0594999999999999,-0.1952,-0.2158
"92",1.8804,1.8803,1.6713,1.6703,1.7806,0.663,0.648,1.0579,0.00399999999999956,1.1833,0.3413,-0.0827,-0.4254,-0.3378,-0.7643
"93",0.8798,0.8936,0.8269,0.8404,0.9326,0.2117,0.2274,0.5294,0.1896,0.5169,0.085,0.0462000000000002,0.0669,-0.594,0.2082
"94",1.3788,1.3833,1.3491,1.3536,1.4661,0.9706,0.9921,1.027,0.5437,0.9311,0.1607,-0.0926999999999998,-0.1739,-0.6009,-0.3347
"95",0.3348,0.3856,0.3315,0.3817,0.3384,0.1879,0.3137,0.0823,0.0312,0.3612,0.0168,0.0856,0.0667,-0.5197,0.18
"96",1.6166,1.6168,1.5533,1.5539,1.5966,1.2254,1.2269,1.3962,1.2458,1.3397,1.1329,1.1906,1.1898,0.5711,1.4166
"97",0.7816,0.8018,0.7649,0.7844,0.7822,0.5502,0.5746,0.5325,0.4705,0.6095,0.4199,0.4853,0.4777,-0.137,0.5895
"98",0.0732999999999997,0.0914999999999999,-0.1609,-0.1351,-0.0594000000000001,-0.6482,-0.6334,-0.3135,-1.0357,-0.5201,-1.2401,-1.477,-1.6144,-1.6842,-1.6249
"99",1.0964,1.0964,1.1279,1.127,1.108,0.7987,0.6229,1.1424,0.8893,1.0448,0.6088,0.6555,0.596,-0.046,0.6296
"100",1.7595,1.7614,1.4743,1.4855,1.5792,0.805300000000001,0.8276,1.3321,0.180700000000001,0.9058,-0.0695999999999994,-0.4395,-0.8667,-0.4876,-1.4789
"101",1.0636,1.0634,0.8509,0.8696,0.934,0.4569,0.4765,0.1792,-1.1376,0.2296,-1.1406,-2.1024,-3.2903,-1.7298,-3.9727
"102",5.2045,5.2051,4.8193,4.8198,5.003,2.942,2.9113,3.654,1.6466,4.272,2.7562,1.569,-0.3018,2.1958,-1.0824
"103",1.6819,1.6819,1.4036,1.4039,1.5908,0.8503,0.823,1.0469,0.1494,0.940900000000001,0.3589,0.167000000000001,0.1231,-0.3072,0.00760000000000005
"104",1.1551,1.1571,1.1633,1.1647,1.2142,0.5421,0.544,0.4241,-0.1236,0.626,0.1089,-0.1944,-0.3134,-0.4813,-0.5853
"105",3.4128,3.4268,3.2423,3.257,3.3425,2.291,2.3048,2.7213,1.4998,2.7108,1.5635,0.7862,0.1502,0.866,-0.5165
"106",2.2865,2.3183,2.0753,2.1068,2.1979,1.0768,1.1095,1.9117,1.096,1.6237,1.0097,0.7752,0.7251,0.3213,0.5278
"107",1.9673,2.1045,1.8119,1.9454,1.9079,0.8688,1.0148,1.5698,0.986,1.3302,0.8554,0.6656,0.6831,0.1867,0.5805
"108",1.7667,1.7643,1.6567,1.6591,1.7273,1.4309,1.4295,1.2038,0.2264,1.1314,0.112,-0.705,-1.3897,-0.609699999999999,-1.3375
"109",1.1469,1.1692,0.9242,0.9466,1.064,-0.641,-0.609999999999999,0.3826,-0.6473,0.4171,-0.3048,-0.7079,-0.9237,-0.9433,-1.3711
"110",0.9068,0.9072,0.6553,0.6739,0.7828,-0.28,-0.2885,0.3484,-0.4217,0.1792,-0.5154,-0.7834,-0.8497,-1.0164,-0.8707
"111",0.7969,0.8002,0.6686,0.6741,0.7255,0.1933,0.2451,0.5673,0.103,0.4658,0.00560000000000005,-0.1198,-0.1041,-0.5567,-0.1706
"112",1.4609,1.4878,1.2349,1.2656,1.3389,0.415,0.4276,0.9239,0.1587,0.8386,0.1606,-0.1444,-0.2429,-0.3492,-0.396
"113",0.8642,1.0011,0.6269,0.7629,0.7328,-0.2514,-0.107,0.3316,-0.3817,0.2602,-0.3116,-0.6015,-0.578,-0.8929,-0.7596
"114",0.2727,0.5644,0.0909,0.3781,0.1743,-0.5057,-0.1884,-0.1358,-0.6502,-0.1423,-0.7238,-0.7963,-0.8795,-1.3115,-0.9921
"115",0.436,0.4911,0.5276,0.495,0.4631,0.5183,0.5796,0.6703,0.00390000000000001,0.658,0.0601,-0.1972,-0.134,-0.5054,-0.2814
"116",0.979,0.9834,0.7843,0.7913,0.8525,0.3832,0.3881,0.5763,-0.0688,0.531,-0.1054,-0.3016,-0.3384,-0.7245,-0.4814
"117",1.2989,1.5985,1.1039,1.3966,1.1854,0.1938,0.5163,0.7897,0.1944,0.7494,0.141,-0.0747999999999998,-0.0892999999999997,-0.3525,-0.1132
"118",1.5077,1.5072,1.2367,1.2373,1.3585,0.5073,0.4946,0.9682,0.00139999999999985,0.7839,0.1878,-0.1434,-0.1655,-0.4418,-0.3795
"119",0.7586,0.876,0.5371,0.6555,0.6396,-0.2853,-0.161,0.2975,-0.3266,0.2226,-0.323,-0.5362,-0.5591,-0.8751,-0.7111
"120",0.7058,0.8358,0.4759,0.6053,0.5851,-0.4288,-0.2911,0.2104,-0.4191,0.1519,-0.3693,-0.5879,-0.593,-0.9572,-0.7943
"121",0.9151,0.9157,0.8188,0.826,0.9005,0.0611999999999999,0.0455999999999999,0.7013,0.4561,0.6312,0.2317,0.2402,0.148,-0.3813,0.0181
"122",1.5225,1.5376,1.2438,1.2583,1.3842,-0.2621,-0.2367,0.832,-0.1504,0.8902,0.1898,-0.1125,-0.2463,-0.4244,-0.5952
"123",0.3378,0.361,0.2463,0.2718,0.2902,-0.1108,-0.0827999999999999,0.1475,-0.1295,0.2402,-0.2466,-0.315,-0.3021,-0.8125,-0.399
"124",0.4217,0.4737,0.3183,0.3721,0.3853,-0.1154,-0.0497000000000001,0.1282,-0.1222,0.1645,-0.289,-0.3474,-0.4297,-0.8876,-0.6491
"125",1.2754,1.3977,0.9907,1.1092,1.1238,-0.3715,-0.2296,0.6238,-0.2586,0.669,0.0194000000000001,-0.2984,-0.3053,-0.5849,-0.5968
"126",1.2507,1.3723,0.9652,1.0832,1.0949,-0.3507,-0.2091,0.604,-0.2876,0.6367,-0.00300000000000011,-0.3226,-0.3301,-0.588,-0.5991
"127",0.8888,0.938,0.6889,0.7371,0.7518,0.4897,0.5467,0.4884,-0.1193,0.3555,-0.1377,-0.2666,-0.2686,-0.3461,-0.3003
"128",0.8671,0.8698,0.7397,0.7431,0.8548,-0.323,-0.3196,0.4967,0.1205,0.5051,0.105,0.0827,0.0152999999999999,-0.1083,0.1579
"129",0.151,0.1841,0.1536,0.1858,0.1526,0.1218,0.2024,0.1611,-0.2481,0.159,-0.1749,-0.4031,-0.3427,-0.7011,-0.468
"130",2.0655,2.0663,1.9267,1.9318,2.0277,0.9593,0.9296,1.2523,0.1677,1.4879,0.388,-0.4088,-0.9859,-0.3141,-1.7137
"131",0.8655,0.873,0.6566,0.6657,0.7443,0.115,0.1231,0.4617,-0.1697,0.4017,-0.1538,-0.3366,-0.3559,-0.7299,-0.4868
"132",0.9249,1.2018,0.6844,0.9542,0.7945,-0.2367,0.0785,0.4179,-0.2919,0.4373,-0.1756,-0.4158,-0.3915,-0.7636,-0.5891
"133",-0.0377,-0.0336,-0.0952,-0.0738,-0.0695,0.0467,0.0161,-0.2457,-0.2837,-0.3851,-1.1463,-1.5284,-0.8111,-1.7583,0.2768
"134",0.9414,1.0838,0.769,0.9242,0.8638,-0.3095,0.1187,0.3987,-0.1081,0.6282,-0.1312,-0.4235,-0.5245,-0.725,-0.8664
"135",1.0334,1.2424,0.8291,1.0617,0.9437,-0.4208,0.2518,0.5119,-0.1397,0.5929,-0.2395,-0.5909,-0.8411,-0.8681,-1.3076
"136",0.453,0.4549,0.3804,0.387,0.4123,0.458,0.4609,0.3435,0.0513000000000001,0.1615,-0.6387,-0.8222,-1.0582,-1.255,-1.3454
"137",0.7137,0.7596,0.7152,0.7694,0.7146,0.8867,0.9037,0.7311,0.7944,0.5727,0.2123,0.1576,-0.0592999999999999,-0.362,-0.4808
"138",0.9521,1.0354,0.9643,1.0579,0.9542,1.2622,1.309,1.011,1.1436,0.8068,0.3264,0.2124,-0.1297,-0.2733,-0.654
"139",0.5323,0.6384,0.4936,0.6048,0.5013,0.6176,0.7164,0.4988,0.5418,0.3604,0.1041,0.1062,-0.0265,-0.4514,-0.3298
"140",0.9439,1.1787,0.7165,0.9451,0.8336,-0.2479,-0.0272000000000001,0.424,-0.165,0.3967,-0.0739999999999998,-0.2185,-0.2229,-0.3733,-0.1612
"141",0.854,1.1406,0.6706,0.9527,0.7502,-0.0108000000000001,0.3212,0.4443,-0.0745,0.5058,-0.2508,-0.4522,-0.5473,-0.7758,-0.8402
"142",1.7008,1.7846,1.4793,1.573,1.5602,1.0265,1.123,1.2493,0.5123,1.2141,0.4297,0.1847,-0.00780000000000003,-0.2569,-0.3636
"143",1.1938,1.2157,0.9348,0.9647,1.0149,0.5288,0.5519,0.71,-0.3445,0.5239,-0.4276,-0.8461,-1.2172,-0.8246,-1.7172
"144",0.3309,0.4106,0.2286,0.3051,0.2748,-0.2041,-0.0317999999999996,0.0343,-0.2367,0.1082,-0.3911,-0.4274,-0.6381,-1.0021,-1.0482
"145",0.3092,0.5372,0.1803,0.4111,0.2458,-0.1954,0.0691999999999999,-0.0290999999999999,-0.1727,0.0263,-0.334,-0.3157,-0.4409,-0.9033,-0.7091
"146",0.9745,0.9778,0.8779,0.8827,0.934,0.603,0.6063,0.7812,0.5058,0.6782,0.0507,-0.0916999999999999,-0.2515,-0.5956,-0.5843
"147",0.1026,0.683,-0.0449999999999999,0.5717,0.0282,-0.594,0.44,-0.2526,-0.6749,-0.1868,-0.7747,-0.8579,-1.0866,-1.3108,-1.4234
"148",-0.1755,0.1779,-0.2952,0.0647,-0.2303,-0.8291,-0.0358000000000001,-0.4889,-0.776,-0.4005,-0.9092,-0.9135,-1.0586,-1.5284,-1.3479
"149",0.9878,1.1043,0.758,0.872,0.8627,-0.0411999999999999,0.0876000000000001,0.455,-0.0313999999999999,0.3968,0.1879,0.19,0.1629,-0.2921,0.163
"150",0.7792,0.8814,0.6973,0.7994,0.7516,0.2293,0.5388,0.4816,0.2358,0.5566,0.1205,0.0797999999999996,-0.1125,-0.4194,-0.4728
"151",0.3522,0.466,0.2766,0.3827,0.3306,-0.2945,-0.1207,0.0491999999999999,-0.1378,0.1125,-0.2588,-0.2387,-0.3796,-0.8756,-0.6732
"152",1.6678,1.69,1.5957,1.6193,1.6756,0.7192,0.7663,1.3496,1.3577,0.9609,1.456,1.8028,1.4721,0.8915,0.9506
"153",1.0949,1.1979,0.8922,0.9972,0.9912,1.1801,1.4116,0.6191,0.0663,0.7128,0.0541,-0.1321,-0.145,-0.3476,-0.1786
"154",0.6705,1.6552,0.5188,1.5064,0.6214,-0.7028,0.6073,0.1466,-0.2616,0.1953,-0.1,-0.0903,-0.3572,-0.726,-0.8824
"155",1.4537,1.7016,1.3914,1.7261,1.4724,0.3292,0.7583,1.0536,0.8897,1.1761,0.9954,1.0634,0.8303,0.4527,0.3599
"156",0.0738999999999996,0.1267,-0.0522,-0.00250000000000039,0.0416999999999996,-1.1339,-0.9876,-0.275,-0.5928,-0.3935,-0.8231,-0.8123,-1.2186,-1.3846,-1.7097
"157",0.8268,1.1281,0.805,1.0896,0.8558,0.0837000000000001,0.4627,0.4739,0.4456,0.7059,0.4688,0.5658,0.382,-0.1034,0.00770000000000004
"158",0.5046,0.614,0.2597,0.3687,0.3844,-0.4861,-0.3601,-0.0577999999999999,-0.5409,-0.1811,-0.6763,-0.8039,-0.8887,-1.2481,-0.9987
"159",1.2064,1.2992,1.0069,1.1004,1.1093,0.163,0.2797,0.7563,0.2051,0.7773,0.1131,-0.1055,-0.1008,-0.4719,-0.2185
"160",0.322,0.4194,0.1339,0.23,0.2318,-0.6234,-0.5099,-0.1647,-0.6265,-0.3063,-0.7877,-0.9209,-1.0052,-1.3802,-1.1391
"161",1.5288,1.5338,1.3945,1.4062,1.4639,0.3771,0.3869,0.9545,0.7107,1.1626,0.1373,-0.4238,-0.3814,-0.5159,-0.5934
"162",1.2,1.1997,1.2,1.1969,1.2,0.4353,0.4996,0.8834,0.6016,1.092,0.2027,-0.2846,-0.1567,-0.3723,-0.3143
"163",1.292,1.2959,1.2173,1.2296,1.2511,0.6744,0.6817,0.882,0.7533,1.0711,0.1188,-0.3968,-0.3678,-0.4436,-0.5453
"164",0.818,0.818,0.818,0.818,0.818,0.818,0.818,0.818,0.818,0.818,0.818,0.818,0.818,0.818,0.818
"165",0.78,0.78,0.7665,0.78,0.78,0.5875,0.6033,0.658,0.6284,0.7063,0.3276,0.0264,0.0834,-0.0701999999999999,-0.001
"166",1.638,1.7228,1.6415,1.7471,1.6783,1.414,1.498,1.4075,1.3974,1.3971,0.1521,-0.4614,-0.8911,-0.4893,-1.3365
"167",0.9943,1.0116,0.934,0.9597,0.9787,-0.0271999999999999,-0.00309999999999988,0.4859,0.2926,0.662,-0.2145,-0.7185,-0.6728,-0.8335,-0.8262
"168",1.21,1.21,1.21,1.21,1.21,1.1135,1.1749,1.21,1.21,1.1537,1.21,0.8205,1.0154,1.2041,1.1926
"169",1.2,1.2,1.2,1.2,1.2,0.8645,0.9392,1.1999,1.1999,1.2,1.2,0.4859,0.77,0.5239,0.6152
"170",0.7413,0.7452,0.7249,0.7307,0.7356,0.3703,0.372,0.7656,0.511,0.6501,-0.0312,-0.4738,-0.451,-0.5886,-0.6265
"171",0.7567,0.7462,0.7568,0.7484,0.7568,0.7399,0.7386,0.7599,0.7583,0.7518,0.4995,0.0851999999999999,0.2011,0.0145999999999999,0.1227
"172",0.9,0.9,0.9,0.9,0.9,0.9,0.9,0.9,0.9,0.9,0.9,0.9,0.9,0.9,0.9
"173",1.29,1.2152,1.29,1.2206,1.29,0.6368,0.6977,1.0089,0.7418,1.2246,0.3168,-0.1454,-0.0502,-0.3006,-0.2415
"174",1.7837,1.787,1.6748,1.6824,1.7404,0.6478,0.6537,1.2321,1.0442,1.3719,0.389,-0.1224,-0.0601999999999996,-0.2781,-0.2199
"175",1.1486,1.1659,1.0211,1.0469,1.0956,-0.00560000000000005,0.0158,0.5377,0.3468,0.7532,-0.2364,-0.7908,-0.7372,-0.882,-0.9674
"176",1.0666,1.0699,0.9868,1.002,1.0192,0.6035,0.6096,0.6921,0.5946,0.8554,-0.1177,-0.5759,-0.5603,-0.7536,-0.7348
"177",0.88,0.88,0.88,0.88,0.88,0.88,0.88,0.88,0.88,0.88,0.5255,0.1447,0.2339,0.0983000000000001,0.2435
"178",1.1892,1.1916,1.1035,1.1178,1.1517,0.5003,0.4978,0.7119,0.7155,0.788,-0.1738,-0.5667,-0.5987,-0.752,-0.7106
"179",1.2217,1.2531,1.1126,1.1463,1.159,0.5416,0.587,0.7516,0.5754,0.8592,0.0454999999999999,-0.3145,-0.284,-0.5815,-0.3931
"180",0.88,0.855,0.88,0.837,0.88,0.572,0.5997,0.7169,0.6462,0.8799,0.00260000000000005,-0.4823,-0.4148,-0.6373,-0.6143
"181",0.29,0.29,0.29,0.29,0.29,0.29,0.29,0.29,0.29,0.29,0.0111,-0.4022,-0.2769,-0.4289,-0.3045
"182",1.0265,1.0323,1.0589,1.0696,1.0821,0.5034,0.5056,0.8151,1.0095,0.7939,-0.4978,-1.1866,-1.7367,-1.2064,-2.2803
"183",1.663,1.6726,1.5569,1.5698,1.6373,0.2642,0.2764,1.0446,0.9771,1.0903,0.1749,-0.2513,-0.1613,-0.1693,-0.3407
"184",1.6845,1.7093,1.5263,1.5484,1.6079,0.4367,0.4699,1.0727,0.8038,1.142,0.2507,-0.3165,-0.0329999999999999,-0.1955,0.0303
"185",0.4766,0.6554,0.3757,0.5756,0.4269,-0.1213,0.2111,0.1994,0.0758999999999999,0.179,-0.6731,-0.9638,-0.8743,-1.2317,-0.8079
"186",2.7782,2.815,2.5939,2.6258,2.7081,0.2031,0.2483,1.7792,1.6003,2.3296,0.8976,-0.0406,0.0543999999999998,0.2779,-0.2461
"187",2.0019,2.0051,1.9272,1.9341,2.0105,0.7034,0.7075,1.6491,1.55,1.6941,0.8801,0.5494,0.6074,0.5957,0.448
"188",3.0113,3.0743,2.8639,2.9314,2.9771,0.2991,0.366,1.9773,1.8635,2.5844,1.0461,0.0289999999999999,-0.1401,0.4631,-0.5748
"189",1.5859,1.5906,1.6043,1.612,1.6325,0.9563,0.9599,1.3564,1.4789,1.3537,0.1362,-0.573,-1.2803,-0.5594,-1.9461
"190",1.7371,1.7425,1.6173,1.629,1.6811,0.5862,0.5941,1.09,0.8783,1.283,0.2979,-0.314,-0.2397,-0.3376,-0.4461
"191",1.6431,1.6832,1.4843,1.5226,1.5509,0.6082,0.6552,1.0598,0.7337,1.244,0.3425,-0.2062,-0.0375999999999999,-0.2475,-0.1736
"192",0.7755,0.9632,0.6323,0.8123,0.6902,0.00209999999999999,0.2216,0.2954,-0.0570999999999999,0.4678,-0.4088,-0.8332,-0.6583,-0.9807,-0.702
"193",2.1109,2.2835,1.9416,2.1025,2.0526,-0.0218000000000003,0.1935,1.2571,1.0017,1.6283,0.4804,-0.2155,0.0343999999999998,-0.1604,-0.0960000000000001
"194",1.3345,1.3478,1.2078,1.2285,1.2854,-0.0181,-0.000899999999999901,0.6996,0.5543,0.927,-0.0819000000000001,-0.6618,-0.5842,-0.6532,-0.7288
"195",1.0076,1.0192,1.0065,1.0177,1.0066,0.159,0.2133,0.772,0.5267,0.9791,0.087,-0.4244,-0.2651,-0.5042,-0.4065
"196",1.057,1.0367,0.9283,1.0358,0.9961,0.277,0.5108,0.6641,0.3501,0.8106,0.0475999999999999,-0.2896,-0.1568,-0.5272,-0.2521
"197",-0.1419,-0.1823,-0.1917,-0.115,-0.1253,0.4571,0.6124,-0.6919,-0.2842,-0.4899,-1.5253,-1.8485,-2.1808,-2.1132,-2.6744
"198",0.5095,0.576,0.4539,0.5188,0.4949,-0.0710999999999999,0.0657,0.2633,0.23,0.3518,-0.2637,-0.4858,-0.4032,-0.8819,-0.4293
"199",0.8754,0.8925,0.8786,0.9004,0.9161,0.2032,0.1941,0.6775,0.8703,0.6333,-0.6381,-1.286,-1.8118,-1.3449,-2.4476
"200",0.6295,0.7423,0.5369,0.6597,0.6149,0.3224,0.4922,0.1883,-0.0630999999999999,0.2519,-0.5516,-0.9845,-1.054,-1.2085,-1.3813
"201",0.0636,0.0676,-0.0164,0.0301,0.0316,0.1694,0.2328,-0.2943,-0.5326,-0.4629,-1.4528,-2.1147,-1.4531,-1.9075,-0.7465
"202",0.3636,0.3722,0.3068,0.3519,0.3526,0.1553,0.2105,-0.0464,-0.3526,-0.2037,-1.2661,-2.1147,-1.6234,-2.0925,-1.3756
"203",1.7467,1.7483,1.5188,1.5331,1.6178,0.9479,0.9493,1.1805,0.4677,1.0901,0.3837,0.0819999999999999,-0.0287000000000002,-0.1898,-0.2078
"204",1.18534,1.29664,0.95154,1.06194,1.01794,0.65764,0.77794,0.75964,-0.0293600000000001,0.71604,0.05674,-0.27236,-0.16756,-0.55446,-0.32636
"205",1.6316,1.6349,1.6369,1.6405,1.6842,0.7398,0.7462,0.9264,0.3397,1.2709,0.3564,-0.1254,-0.5323,-0.3252,-1.1253
"206",0.8589,0.888,0.7064,0.7361,0.8379,-0.0417999999999998,-0.0124999999999997,0.5146,0.0306000000000002,0.4667,0.0493999999999999,0.0402,-0.1036,-0.5842,-0.3937
"207",1.129,1.1305,0.9479,0.9574,1.0645,0.1744,0.1762,0.7316,0.2975,0.6879,0.2133,0.2081,-0.0411000000000001,-0.4383,-0.4271
"208",0.822,0.822,0.6584,0.822,0.7055,0.6403,0.822,0.5739,-0.0609000000000001,0.6616,-0.1395,-0.3091,-0.3075,-0.7312,-0.4002
"209",1.3993,1.4236,1.1581,1.1867,1.2567,0.4649,0.4918,0.9046,0.2127,0.8018,0.256,0.1987,0.0244000000000004,-0.3612,-0.2149
"210",1.0069,1.0668,0.8525,0.9164,0.9275,0.3332,0.3959,0.6728,0.3372,0.6465,0.1799,0.1005,0.0539999999999998,-0.387,-0.0987
"211",0.744,0.744,0.6343,0.7299,0.6754,0.5941,0.6915,0.5572,-0.0733,0.6051,-0.119,-0.2377,-0.3479,-0.7341,-0.7353
"212",0.2599,0.2625,0.1573,0.1674,0.2104,-0.188,-0.2156,0.0715,-0.1884,0.0398000000000001,-0.3122,-0.3814,-0.4075,-0.7644,-0.5608
"213",0.5881,0.5926,0.4748,0.4846,0.5411,0.0645,0.0713,0.3333,0.0585,0.2768,-0.0826,-0.1373,-0.1674,-0.634,-0.2726
"214",3.5771,3.5765,3.4653,3.4804,3.5168,3.3588,3.3586,2.6942,1.3568,2.8817,1.4863,0.3603,-0.703200000000001,0.761699999999999,-1.4494
"215",0.4865,0.51,0.4311,0.4544,0.4868,-0.1802,-0.1239,0.1573,0.0655999999999999,0.298,-0.0592000000000001,-0.046,-0.1367,-0.6443,-0.2959
"216",1.1451,1.1632,1.0141,1.0364,1.0973,0.9115,0.9376,0.768,-0.0501999999999998,0.6656,-0.1109,-0.4777,-0.617,-0.811,-0.9414
"217",1.6373,1.663,1.4651,1.494,1.5596,1.3625,1.3963,1.0156,-0.1938,1.055,-0.1162,-0.7414,-1.3973,-0.8287,-1.9767
"218",1.1173,1.1551,0.9618,1.0003,1.0506,0.6529,0.6606,0.906,0.3239,0.6879,0.1466,0.0323,-0.0472000000000001,-0.4059,-0.109
"219",0.7756,0.9581,0.6624,0.8427,0.7318,0.3003,0.4522,0.4634,0.0692999999999999,0.384,-0.0294000000000001,-0.1136,-0.1348,-0.6261,-0.1948
"220",1.4558,1.5532,1.3341,1.4187,1.3896,0.9622,1.0728,1.2256,0.9127,1.1378,0.519,0.4016,0.2908,-0.0388000000000002,0.1233
"221",0.8121,0.9584,0.6084,0.7637,0.6789,0.3354,0.5425,0.4259,-0.2952,0.6125,-0.3183,-0.6122,-0.5865,-0.5549,-0.3563
"222",1.2288,1.248,1.0136,1.0384,1.1193,0.1064,0.1292,0.7522,0.0318999999999998,0.7393,-0.0160999999999998,-0.3125,-0.4002,-0.414,-0.656
"223",1.0714,1.2011,0.86,0.9894,0.9553,0.0426,0.1872,0.6177,-0.0155999999999998,0.6205,-0.0332999999999999,-0.3067,-0.2927,-0.6343,-0.4951
"224",1.3923,1.6789,1.1971,1.4853,1.2843,0.4381,0.7462,0.9539,0.4033,1.0572,0.2823,0.0741999999999998,0.00939999999999985,-0.3214,-0.1678
"225",0.6972,0.8186,0.4785,0.5992,0.5817,-0.4296,-0.293,0.2345,-0.361,0.2363,-0.3403,-0.5616,-0.5634,-0.9284,-0.7739
"226",0.311,0.5899,0.1351,0.4097,0.2239,-0.5058,-0.1959,-0.0353,-0.4922,0.0265,-0.586,-0.7427,-0.7248,-1.1645,-0.8541
"227",0.7195,0.7442,0.661,0.7033,0.6952,0.5924,0.6094,0.3841,0.1039,0.4266,-0.4374,-0.7258,-1.1353,-1.116,-1.6848
"228",0.648,0.6782,0.4808,0.5243,0.5672,-0.1941,-0.1752,0.3038,-0.2561,0.2988,-0.5163,-0.7504,-0.8583,-1.1417,-1.0816
"229",0.54,0.4293,0.54,0.4251,0.54,-0.2908,-0.2753,0.54,-0.1379,0.54,0.0411,-0.2595,-0.3514,-0.5689,-0.6942
"230",1.6,1.4714,1.569,1.5175,1.6,0.8535,0.9016,0.9576,0.0546,1.2325,0.054,-0.7612,-1.1605,-0.5205,-1.6761
"231",1.356,1.356,1.356,1.356,1.356,1.356,1.356,1.356,1.356,1.356,1.356,1.356,1.356,1.356,1.356
"232",1.308,1.308,1.308,1.308,1.308,1.308,1.308,1.308,1.308,1.308,1.308,1.308,1.308,1.308,1.308
"233",0.6958,0.6951,0.6019,0.6045,0.6634,0.0243000000000001,0.0235000000000001,0.5498,0.3044,0.4083,0.0656000000000001,0.0900000000000001,-0.0788999999999999,-0.5048,-0.3315
"234",2.1462,2.1389,2.1497,2.1504,2.1584,1.5552,1.5632,2.1456,1.8757,1.9705,1.7229,1.7493,1.6401,1.1915,1.4483
"235",0.41675,0.41675,0.41675,0.41675,0.41675,0.19175,0.31565,0.41675,-0.22625,0.40835,-0.13075,-0.35475,-0.29365,-0.70675,-0.45585
"236",0.0548,0.1736,-0.1184,0.0259,-0.0204,-0.639,-0.3499,-0.2624,-0.7644,-0.3288,-0.8594,-0.9536,-1.0482,-1.4979,-1.0225
"237",0.0602,0.3196,-0.0736000000000001,0.2134,-0.00160000000000005,-0.4643,0.0771999999999999,-0.2103,-0.5716,-0.1907,-0.7078,-0.7875,-0.8426,-1.2814,-1.0039
"238",0.695,0.6923,0.695,0.692,0.695,0.0137999999999999,0.0165999999999999,0.4319,-0.1996,0.672,-0.0466000000000001,-0.3791,-0.5758,-0.658,-1.0229
"239",0.9406,0.9713,0.7172,0.7466,0.8151,0.0761000000000001,0.1092,0.515,-0.1739,0.3762,-0.0931999999999999,-0.2586,-0.2822,-0.7145,-0.4564
"240",0.8622,0.8612,0.6325,0.6435,0.7385,0.0933000000000002,0.1375,0.4238,-0.1858,0.239,-0.4675,-0.7219,-0.8135,-0.8944,-0.9938
"241",1.0582,1.0568,0.9022,0.9044,0.9806,0.3773,0.3578,0.7561,0.2663,0.6378,0.1312,-0.00229999999999997,-0.0588000000000002,-0.4824,-0.2339
"242",0.2352,0.2352,0.2352,0.2352,0.2352,0.2352,0.2352,0.2352,-0.2097,0.2352,-0.303,-0.5065,-0.4332,-0.7354,-0.4244
"243",0.1278,0.1633,0.00930000000000009,0.0501,0.0891999999999999,-0.4768,-0.3978,-0.1447,-0.4796,-0.164,-0.6702,-0.7462,-0.8369,-1.2589,-1.0073
"244",0.3861,0.4229,0.2689,0.3107,0.3481,-0.2081,-0.1262,0.1233,-0.2187,0.1006,-0.4057,-0.4803,-0.5919,-1.0212,-0.7934
"245",0.2642,0.315,0.1638,0.2184,0.2248,-0.2904,-0.1813,-0.00819999999999999,-0.2676,0.032,-0.4038,-0.4781,-0.5099,-0.9419,-0.6309
"246",1.16,1.16,1.16,1.16,1.16,0.8651,0.8902,1.16,1.1028,1.16,1.0026,1.1127,0.9983,0.4358,0.8937
"247",0.6416,0.6425,0.5504,0.5538,0.5899,0.5349,0.5378,0.4925,0.1461,0.3124,-0.4723,-0.6751,-0.9671,-1.1062,-1.3053
"248",1.1231,1.1782,0.9132,0.9824,1.0021,0.2508,0.3055,0.6611,0.000399999999999956,0.6167,-0.0947,-0.3025,-0.5106,-0.5687,-0.8175
"249",1.4444,1.4857,1.2429,1.2957,1.3477,0.2037,0.2529,0.9642,0.3006,0.9661,0.2755,0.1165,-0.1062,-0.3457,-0.4543
"250",0.1575,0.321,-0.0654999999999999,0.0924,0.0254,-0.822,-0.6394,-0.4254,-1.0665,-0.5159,-0.6552,-0.6648,-0.6953,-1.0663,-0.6414
"251",1.3128,1.3173,1.1353,1.1497,1.2082,0.4449,0.4692,0.974,0.378,0.9643,0.196,-0.00749999999999984,-0.2097,-0.4569,-0.5869
"252",1.0491,1.0507,0.9476,0.9508,1.0007,1.6872,1.809,0.7864,0.0785999999999998,0.5974,-0.4702,-1.12,-1.7292,-1.16,-2.4221
"253",0.7122,0.7704,0.5681,0.6322,0.6264,0.1391,0.1722,0.4261,-0.0913999999999997,0.3266,-0.3567,-0.4603,-0.7382,-0.9017,-1.0284
"254",0.0730999999999997,0.1995,-0.0182000000000002,0.1073,0.0226999999999999,-0.3596,-0.1395,-0.1798,-0.4643,-0.1425,-0.6551,-0.6925,-0.9579,-1.0181,-1.1495
"255",-0.2895,-0.0159,-0.3509,-0.0936000000000001,-0.3225,-0.5259,-0.2026,-0.4617,-0.6091,-0.4627,-0.848,-0.8361,-0.9815,-1.459,-1.052
"256",1.0574,1.2993,0.8689,1.104,0.9242,-0.0367999999999999,0.2032,0.49,-0.00280000000000014,0.6535,0.0790999999999999,-0.0202,-0.1022,-0.3211,-0.1084
"257",0.827,0.9697,0.632,0.7704,0.6938,-0.1137,0.0549999999999999,0.2598,-0.3408,0.189,0.0981999999999998,0.0956999999999999,0.0600999999999998,-0.0906,0.1837
"258",0.7574,0.8681,0.6263,0.7388,0.6675,-0.4167,-0.2666,0.2584,-0.3707,0.3159,0.1155,0.1358,0.101,-0.4144,0.00710000000000011
"259",1.0412,1.2197,0.8274,1.0016,0.8926,-0.307,-0.0886,0.3613,-0.4301,0.5577,0.1303,0.0630999999999999,-0.0189000000000004,-0.3336,-0.1868
"260",2.1021,2.1045,1.8789,1.8874,1.9939,0.5279,0.5318,1.4862,0.7299,1.495,0.7159,0.3543,0.2848,0.0615999999999999,0.0268999999999999
"261",1.5853,1.5863,1.3949,1.4062,1.487,0.5324,0.5332,1.0725,0.5401,1.1466,0.3365,-0.0153000000000001,-0.0618000000000001,-0.3012,-0.3011
"262",0.2078,0.5191,0.0569000000000002,0.3892,0.1378,-0.3346,0.2932,-0.0518000000000001,-0.5064,-0.0796999999999999,-0.7107,-0.7687,-0.9575,-1.2415,-1.156
"263",3.845,4.0097,3.4433,3.6032,3.5892,1.2191,1.396,2.8212,1.3437,2.8897,2.2866,2.022,1.6851,1.575,1.1157
"264",3.9247,3.9679,3.4822,3.5242,3.6479,1.1089,1.1536,2.8011,0.9125,2.9054,2.172,1.8185,1.2527,1.8713,0.5007
"265",1.3336,1.3351,1.2013,1.2079,1.2705,-0.038,-0.0312000000000001,0.72,0.4339,0.9443,0.0846,-0.3322,-0.3793,-0.4982,-0.594
"266",0.5049,0.5176,0.4564,0.4783,0.4967,-0.2534,-0.2401,0.169,0.2508,0.3206,-0.5533,-0.8694,-0.9552,-1.1138,-1.1543
"267",0.9322,0.9491,0.8461,0.8684,0.9194,1.1298,1.342,0.6655,0.5541,0.6559,-0.0949,-0.2605,-0.3945,-0.5209,-0.5402
"268",4.8212,5.0603,4.3194,4.5517,4.45,1.4933,1.7717,3.5643,0.9503,3.5549,2.9237,2.509,1.9535,2.1747,1.2066
"269",1.6199,1.7857,1.4736,1.6441,1.5646,1.5348,1.7485,1.1429,0.0458000000000003,1.1106,0.1088,-0.454699999999999,-1.2317,-0.551499999999999,-1.8438
"270",1.5706,1.5955,1.4763,1.4973,1.5309,3.1384,3.2294,1.1836,0.668,1.076,9.99999999997669e-05,-0.4716,-0.8271,-0.5282,-0.970800000000001
"271",1.5038,1.5093,1.4193,1.4262,1.4717,2.3435,2.4932,1.261,1.0946,1.0932,0.1371,-0.3404,-0.2902,-0.5397,-0.4616
"272",1.3615,1.3929,1.2496,1.3169,1.3145,2.1713,2.544,1.0438,0.9364,0.8973,0.0461999999999998,-0.4215,-0.2869,-0.6019,-0.4067
"273",1.185,1.3816,1.1242,1.3109,1.1594,1.9227,2.2205,0.9205,0.7662,0.8281,0.0992000000000002,-0.206,-0.1107,-0.5292,-0.1987
"274",3.9652,4.1108,3.9671,4.1103,3.8833,7.2987,7.6041,4.037,3.8505,2.8162,0.415099999999999,-1.7329,-2.2768,-0.0997000000000003,-2.9525
"275",1.0908,1.1996,0.9707,1.0758,1.0259,1.0252,1.2557,0.6567,0.2086,0.739,0.1768,-0.0199,0.0196000000000001,-0.4299,-0.1125
"276",1.2281,1.2636,1.0682,1.1022,1.1475,1.0604,1.3582,0.844,0.2868,0.8178,0.2215,0.00689999999999991,0.0381,-0.4049,-0.0903
"277",0.5808,0.6029,0.4943,0.5205,0.5597,0.04,0.0470000000000002,0.4148,0.1784,0.3284,-0.1345,-0.1375,-0.2831,-0.7828,-0.5007
"278",0.3779,0.4169,0.3439,0.3801,0.3653,0.0896000000000001,0.1152,0.2383,0.1293,0.2257,-0.1199,-0.1178,-0.1966,-0.721,-0.3188
"279",2.9471,3.1231,2.6563,2.8321,2.827,0.647799999999999,0.8423,2.0948,1.107,1.8774,1.4302,1.0827,1.0793,0.9331,1.0737
"280",3.3977,3.4373,3.073,3.1173,3.2737,0.886900000000001,0.934100000000001,2.477,1.133,2.2212,1.6601,1.2336,0.9892,1.1215,0.5053
"281",1.1969,1.2029,0.9841,1.1332,1.1157,1.5065,1.5685,0.3147,-1.3801,-0.247,-2.1033,-4.1117,-5.0567,-2.7863,-5.5063
"282",4.7595,4.7801,4.5224,4.5439,4.6947,1.8536,1.876,3.4731,1.5173,3.6213,2.211,0.867899999999999,-1.4876,1.6569,-2.3699
"283",0.9844,1.2532,0.8659,1.1208,0.9285,0.3832,0.6516,0.6234,0.2931,0.6305,0.1429,0.0850999999999997,0.0202,-0.474,-0.1401
"284",2.286,2.2858,1.9365,1.9366,2.1784,0.752000000000001,0.751200000000001,1.2271,0.293600000000001,1.3004,0.9482,0.734900000000001,0.7925,0.278300000000001,0.779000000000001
"285",0.9337,0.9775,0.8229,0.884599999999999,0.892399999999999,0.6095,0.716499999999999,0.4418,-0.219200000000001,0.4779,-0.564100000000001,-1.0607,-1.7441,-1.066,-2.4683
"286",1.375,1.4909,1.1552,1.2707,1.2617,0.3872,0.5143,0.8712,0.2066,0.7858,0.2381,0.0193999999999996,-0.0111000000000003,-0.4031,-0.1675
"287",5.5132,5.6924,5.4798,5.6598,5.5012,5.494,5.6759,5.2615,5.0527,5.329,4.7943,4.5789,4.3203,4.1853,3.6991
"288",0.4243,0.4534,0.3637,0.3951,0.4011,0.6831,0.6914,0.1197,-0.438600000000001,-0.0781000000000001,-1.0373,-1.6538,-2.4789,-1.5204,-3.2518
"289",1.5662,1.6369,1.4453,1.5205,1.517,1.728,1.7925,1.1557,0.0318000000000005,1.0769,0.0257000000000005,-0.6408,-1.4214,-0.7258,-1.326
"290",1.1705,1.2676,0.9738,1.0679,1.0579,0.2601,0.3693,0.6266,-0.0216999999999998,0.6783,0.0860000000000001,-0.2313,-0.0632999999999999,-0.545,-0.1516
"291",1.1863,1.1986,1.2471,1.2614,1.2786,0.3348,0.3372,0.4675,0.00279999999999991,0.9526,0.0244,-0.4681,-0.7369,-0.6785,-1.3009
"292",0.8027,0.8184,0.6837,0.6994,0.8065,-0.2908,-0.2712,0.3875,-0.0150999999999999,0.3916,0.0909,0.0749,-0.00839999999999996,-0.464,-0.1822
"293",0.5441,0.6101,0.5371,0.6004,0.5967,-0.0154000000000001,0.0527,0.1536,0.0761999999999999,0.3141,0.1594,0.2078,0.1987,-0.3526,0.24
"294",0.6117,0.6231,0.5674,0.5783,0.6515,-0.1014,-0.0899,0.2631,0.1687,0.3256,0.1937,0.26,0.2587,-0.3307,0.4476
"295",0.3,0.3,0.3,0.3,0.3,0.218,0.3,0.0409,-0.0444,0.1971,0.0548,0.1391,0.0835,-0.4352,0.2147
"296",0.591,0.7292,0.5452,0.6776,0.57,0.0239,0.1515,0.1205,-0.0296999999999999,0.3045,0.1797,0.266,0.2248,-0.3348,0.3216
"297",2.26,2.2718,1.8656,1.8789,2.0339,-0.0407999999999999,-0.0297000000000001,1.2901,-0.2244,1.0526,0.4674,0.0464000000000002,-0.3206,-0.0532000000000004,-0.7515
"298",5.5873,5.5878,5.2207,5.2246,5.4,2.4075,2.4079,4.1254,1.8721,4.4037,2.9286,1.5716,-0.592599999999999,2.524,-1.4549
"299",3.051,3.0639,2.9612,2.9739,3.063,1.8621,1.8747,2.1022,0.907299999999999,2.147,1.2315,0.3969,-0.3011,0.5347,-0.960400000000001
"300",1.2434,1.2459,1.1144,1.1169,1.2419,-0.0206000000000004,-0.0188000000000001,0.8203,0.4394,0.8358,0.4671,0.4417,0.4246,0.2461,0.633
"301",1.1414,1.3972,0.924,1.1723,1.0452,-0.1663,0.119,0.4997,-0.0511999999999997,0.3086,0.0988000000000002,-0.0208999999999997,0.0151000000000003,-0.4131,0.0815000000000001
"302",0.4216,0.4274,0.3331,0.3449,0.3768,0.1151,0.0614999999999999,0.3009,0.1497,0.2395,-0.2362,-0.2096,-0.3259,-0.8565,-0.4701
"303",0.337,0.3478,0.276,0.2894,0.3107,-0.0888,-0.0495999999999999,0.2076,0.1088,0.1482,-0.2222,-0.1654,-0.2604,-0.8251,-0.2763
"304",0.3242,0.3556,0.2887,0.3215,0.3028,0.1477,0.2043,0.2455,0.2076,0.1312,-0.1379,-0.0591999999999999,-0.1463,-0.4792,-0.0403
"305",-0.2552,-0.2532,-0.5124,-0.5043,-0.4048,-1.3998,-1.3974,-0.8955,-1.7995,-0.9194,-1.5368,-1.7785,-1.9489,-1.7956,-2.3512
"306",0.4219,0.6,0.2348,0.4063,0.2908,-0.2952,-0.0922000000000001,-0.15,-0.7668,-0.3099,-0.3551,-0.375,-0.3755,-0.9205,-0.3549
"307",0.7805,0.8713,0.666,0.757,0.7275,0.2859,0.3882,0.537,0.2519,0.4852,-0.0149000000000001,-0.0559999999999998,-0.1956,-0.4814,-0.2899
"308",0.4597,0.4603,0.3871,0.3911,0.4124,0.753,0.7551,0.2915,-0.4669,0.00379999999999958,-1.2593,-2.0616,-3.1672,-1.4911,-4.0166
"309",0.7828,0.9584,0.677,0.8486,0.7158,-0.0145999999999999,0.192,0.1711,-0.2157,0.2243,0.1654,0.1483,0.1837,-0.3183,0.2603
"310",0.8908,0.895,0.776,0.786,0.8458,0.2534,0.2664,0.6695,0.2926,0.5896,0.0356999999999998,-0.0089999999999999,-0.2146,-0.4083,-0.4796
"311",3.3406,3.5133,2.9738,3.1417,3.1244,1.5538,1.7377,2.3276,0.8887,2.273,1.7809,1.5091,1.2602,1.2966,0.9611
"312",4.0559,4.0995,3.6499,3.6924,3.8224,2.2881,2.3336,2.9739,1.0356,2.9016,2.2922,1.9516,1.4255,1.741,1.4135
"313",5.7449,5.7675,5.394,5.415,5.5325,3.28,3.3732,4.196,1.4516,4.6847,3.287,2.1328,-0.250200000000001,2.7073,-1.1637
"314",2.4634,2.8058,2.1694,2.5041,2.3032,1.2041,1.5749,1.5857,0.6192,1.4492,1.1821,1.0509,0.9662,0.7055,0.8591
"315",0.5581,0.5966,0.4608,0.4993,0.4882,2.5084,2.6327,0.3395,-0.2195,-0.0921000000000003,-1.2943,-1.8849,-2.488,-1.9213,-3.0161
"316",0.2798,0.4088,0.1627,0.2941,0.2227,-0.016,0.1716,0.0310999999999999,-0.3974,-0.0223,-0.6635,-0.7734,-0.9053,-1.3166,-1.0111
"317",1.4278,1.5696,1.2897,1.4362,1.3734,1.4771,1.6572,0.9751,-0.1795,0.9241,-0.1021,-0.675,-1.6688,-0.5485,-2.3364
"319",10.0719,10.176,9.8969,10.0134,9.7265,6.3795,6.5595,7.5734,2.6316,8.7053,7.1778,5.2392,-0.00949999999999918,6.3557,-0.0167000000000002
"320",0.2533,0.2859,0.2154,0.2552,0.2353,0.2029,0.2541,0.1298,0.000500000000000056,0.002,-0.422,-0.5909,-0.4529,-1.0071,-0.2478
"321",0.3745,0.442,0.3477,0.4236,0.3638,0.3949,0.3775,0.2236,0.1104,0.0848,-0.3516,-0.4457,-0.3576,-0.856,-0.0814000000000001
"322",-0.1986,-0.1752,-0.2387,-0.214,-0.2156,-0.1248,-0.1937,-0.2752,-0.4088,-0.3671,-0.7744,-0.8183,-0.7825,-1.325,-0.6165
"323",0.2789,0.2788,0.2948,0.3061,0.2822,-0.1184,-0.1177,0.2032,0.2397,0.2107,0.0646,0.0494,0.0522,-0.5279,0.2092
"324",2.3369,2.337,2.1986,2.2055,2.2872,1.8318,1.833,1.6077,0.7316,1.7592,0.7744,0.3056,-0.2074,0.0373000000000001,-0.8175
"325",1.051,1.4931,0.8471,1.3243,0.9585,-0.1755,0.7926,0.4735,-0.1505,0.5423,-0.0913999999999997,-0.2653,-0.3793,-0.5595,-0.3912
"326",1.1703,1.6637,0.960300000000001,1.4917,1.0856,-0.228,0.7903,0.618300000000001,-0.0401999999999996,0.6058,0.0151000000000003,-0.123399999999999,-0.398999999999999,-0.6578,-0.914199999999999
"327",0.5296,0.5787,0.4871,0.5369,0.5102,0.4697,0.5008,0.4146,0.267,0.2296,-0.4586,-0.6712,-1.4283,-1.0901,-2.253
"328",0.7118,0.9077,0.63,0.8391,0.6864,-0.1132,0.2835,0.4293,0.3158,0.4983,-0.2508,-0.3609,-0.421,-0.7494,-0.3773
"329",1.4265,1.6931,1.2513,1.5277,1.3623,-0.4211,0.0831999999999997,0.5034,-0.2118,0.8127,-0.0641000000000007,-0.4736,-1.5205,-0.6752,-2.3733
"330",0.2609,0.9139,0.0841999999999996,0.7556,0.1848,-1.0493,0.1956,-0.2618,-0.6826,-0.2023,-0.5928,-0.6086,-0.7321,-1.2281,-1.0235
"331",0.9073,1.0128,0.8841,0.9837,0.9186,0.8149,0.863,0.6383,0.4263,0.5346,-0.1199,-0.3098,-1.0279,-0.7673,-1.7962
"332",0.1072,0.1285,-0.0156,0.2499,0.0924,-1.2394,-0.5912,-0.3436,-0.7118,-0.295,-0.4346,-0.339,-0.5231,-1.0258,-0.8975
"333",0.00499999999999998,-0.0945,-0.0995,0.00819999999999999,-0.0124,-1.1762,-0.4799,-0.4371,-0.6885,-0.3605,-0.4845,-0.4159,-0.5385,-1.0525,-0.8378
"334",0.8147,0.9921,0.6537,0.8454,0.7399,0.1696,0.2903,0.0746000000000002,-0.7662,0.27,-0.8068,-1.3411,-1.9789,-1.2114,-2.6239
"335",-0.4261,0.0994,-0.4983,0.1746,-0.4322,-1.2893,-0.1991,-0.755,-0.9143,-0.6746,-0.8491,-0.7528,-0.8721,-1.403,-1.0768
"336",1.0624,1.2557,0.9975,1.1863,1.0523,0.9435,1.0595,0.6908,0.254,0.5983,-0.0420999999999996,-0.2252,-0.9437,-0.6924,-1.6903
"337",0.4836,0.478,0.4827,0.4793,0.4994,0.5,0.5,0.4768,0.3738,0.2941,-0.3321,-0.8382,-0.6718,-0.8382,-0.6667
"338",0.75,0.75,0.75,0.75,0.75,0.75,0.75,0.6858,0.5004,0.5907,-0.1483,-0.5994,-0.5498,-0.7604,-0.7158
"339",0.4,0.4,0.4,0.4,0.4,0.4,0.3227,0.3964,0.283,0.2973,-0.2325,-0.5397,-0.4481,-0.8271,-0.5659
"340",0.11,0.11,0.11,0.11,0.11,0.11,0.11,0.11,0.11,0.0682,-0.00700000000000001,0.11,-0.0165,-0.5498,-0.0948
"341",0.5735,0.5761,0.4842,0.4881,0.5226,0.5081,0.5102,0.4269,0.0864,0.2516,-0.5363,-0.7368,-0.9963,-1.144,-1.2992
"342",1.0903,1.1005,0.9423,0.9622,1.0137,0.1046,0.1104,0.5926,0.4136,0.6658,-0.3384,-0.8291,-0.8149,-0.9295,-0.9462
"343",0.6824,0.6879,0.62,0.6309,0.6493,0.5385,0.5444,0.5587,0.4334,0.38,-0.4106,-0.6093,-0.8507,-1.034,-1.1555
"344",0.566,0.6027,0.5082,0.5444,0.5374,0.42,0.4737,0.4045,0.2979,0.2656,-0.3895,-0.5225,-0.6931,-1.019,-0.9497
"345",0.6636,0.6653,0.5975,0.6033,0.6264,0.6062,0.6096,0.5541,0.3189,0.3984,-0.4626,-0.7656,-0.9544,-1.0842,-1.2366
"346",0.3891,0.4641,0.2876,0.3582,0.3378,-0.1662,-0.0114999999999998,0.0956999999999999,-0.184,0.1688,-0.3256,-0.3606,-0.5883,-0.9446,-1.0437
"347",0.0542,0.3161,-0.0631000000000002,0.2108,-0.00460000000000016,-0.3323,-0.0285,-0.2382,-0.3753,-0.2043,-0.5687,-0.553,-0.6865,-1.0763,-0.9273
"348",0.6444,0.6472,0.578,0.5843,0.6225,0.4113,0.4108,0.4916,0.3767,0.3926,-0.3848,-0.6496,-0.7565,-0.9275,-0.9704
"349",0.7747,0.859,0.7028,0.8026,0.7563,0.1081,0.3626,0.438,0.1985,0.5509,0.1289,0.116,-0.1368,-0.4791,-0.6275
"350",1.6371,1.6418,1.4563,1.472,1.5407,0.6984,0.716,1.1737,0.7039,1.2132,0.3854,0.0256999999999996,-0.0374000000000003,0.0785999999999998,0.0554999999999999
"351",2.6333,2.653,2.5493,2.5706,2.6222,1.5517,1.5955,2.2427,2.1892,1.8945,2.5088,2.75,2.5606,1.9477,1.9569
"352",3.2568,3.4237,2.8422,3.0042,2.9898,0.6809,0.8582,2.2301,0.765000000000001,2.341,1.6862,1.4181,1.1187,1.2514,0.5424
"353",3.6915,3.7401,3.2421,3.2885,3.4014,0.9629,1.0811,2.5775,0.7174,2.7236,1.9381,1.5866,1.0994,1.6407,0.8935
"354",0.4099,0.4111,0.3559,0.3648,0.3798,0.3938,0.4123,0.3599,0.1535,0.1732,-0.6701,-0.96,-1.1314,-1.2781,-1.4129
"355",5.0753,5.119,4.6787,4.7326,4.827,2.0218,2.14,3.5998,1.6226,4.1523,2.7593,1.7535,0.6531,2.3669,0.6668
"356",2.8165,3.139,2.4528,2.7678,2.5976,0.4386,0.7948,1.915,0.8613,1.9381,1.4796,1.3495,1.1856,1.1262,0.795500000000001
"357",0.151,0.3032,0.1254,0.2829,0.1357,0.1685,0.3785,0.0705,-0.0114999999999998,0.0318000000000001,-0.4735,-0.4332,-0.6063,-1.0312,-0.7175
"358",0.1982,0.2937,0.146,0.2465,0.184,0.1246,0.2717,0.0561,-0.0617000000000001,-0.00680000000000014,-0.4536,-0.3817,-0.5344,-1.0891,-0.5289
"359",0.7465,0.7557,0.666,0.6902,0.7018,0.3432,0.3359,0.4071,0.1986,0.4196,-0.4154,-0.8047,-0.6481,-0.916,-0.4217
"360",0.3913,0.4012,0.3125,0.3376,0.3512,0.0116000000000001,-0.0107,0.1087,-0.0508,0.0521,-0.5897,-0.9244,-0.7346,-1.1957,-0.5988
"361",0.4097,0.4263,0.3731,0.4048,0.3982,0.0735,0.0833,0.2695,0.1648,0.3088,-0.1993,-0.2585,-0.2292,-0.8431,-0.1847
"362",1.1862,1.1923,1.123,1.134,1.2035,0.00890000000000013,0.0373000000000001,0.7488,0.447,0.8409,0.2675,0.1684,-0.1425,-0.3898,-0.6721
"363",0.9653,1.0263,0.8215,0.8864,0.929,-0.3371,-0.2219,0.4283,-0.1051,0.5218,-0.1705,-0.3027,-0.6605,-0.8222,-1.1902
"364",0.552,0.5841,0.4669,0.5012,0.5361,-0.0660000000000001,0.00750000000000006,0.3346,0.097,0.3199,-0.0583,-0.0677000000000001,-0.1519,-0.6376,-0.2933
"365",0.244,0.3092,0.1549,0.2283,0.2111,-0.222,-0.0874999999999999,0.0143000000000002,-0.2028,0.0278,-0.3601,-0.3848,-0.4084,-0.6043,-0.4225
"366",0.2097,0.0563,0.2529,0.0487,0.2115,-0.0616,0.1418,0.1734,0.0677,0.2257,0.0479,0.0314,0.0429,-0.3683,0.0554
"367",-0.0888,-0.0467000000000004,-0.2436,-0.1981,-0.1601,-1.3505,-1.1883,-0.6163,-1.3057,-0.6407,-1.4248,-1.6615,-2.7541,-2.072,-3.7054
"368",0.1891,0.4925,0.0720000000000001,0.3816,0.1352,-0.2506,0.1987,-0.1066,-0.3405,-0.1435,-0.7031,-0.7468,-0.838,-1.2116,-0.8305
"369",0.9628,1.0251,0.938,0.9905,0.9627,0.0939999999999999,0.1828,0.5695,0.3083,0.6521,0.2486,0.1898,0.2219,-0.3611,0.2612
"370",0.7421,0.8069,0.6156,0.6889,0.7047,0.0139,0.1704,0.4633,0.1024,0.4263,-0.0802,-0.1306,-0.2247,-0.4377,-0.4238
"371",0.4143,0.5499,0.3103,0.4463,0.376,-0.0508999999999999,0.2057,0.1185,-0.1152,0.1289,-0.3463,-0.41,-0.4137,-0.8896,-0.391
"372",0.3761,0.574,0.2645,0.4618,0.3342,-0.1261,0.1985,0.0931,-0.178,0.0792999999999999,-0.4028,-0.4741,-0.4879,-0.9746,-0.5263
"373",0.9,0.9,0.9,0.9,0.9,0.5328,0.5537,0.7132,-0.0182,0.605,-0.00780000000000003,-0.4241,-0.4947,-0.6909,-0.9048
"374",-0.1794,-0.1532,-0.1899,-0.165,-0.1783,-0.1426,-0.1263,-0.0798,-0.2214,-0.2742,-0.3271,0.0417,-0.3361,-0.9675,-0.6343
"375",-0.0899,-0.0332,-0.0821,-0.0269,-0.0777,-0.0365,0.0028,-0.0122,-0.0364,-0.192,-0.2923,-0.0498,-0.3106,-0.9206,-0.5896
"376",0.6531,0.6696,0.5513,0.5672,0.665,-0.3159,-0.2996,0.2684,-0.0294000000000001,0.2958,-0.0311000000000001,-0.0447,-0.0272000000000001,-0.6609,0.0679999999999998
"377",0.97,0.97,0.787999999999999,0.7931,0.9243,0.0617000000000001,0.0694999999999997,0.2094,-0.6349,0.1416,-0.6799,-1.1549,-1.3715,-1.4285,-1.7322
"378",0.7361,0.7406,0.6422,0.6491,0.7248,-0.0755000000000001,-0.0564,0.429,0.1439,0.4145,0.0920999999999998,0.0992,0.0691999999999999,-0.5145,0.0543
"379",1.1188,1.1235,1.0652,1.0701,1.1894,0.3158,0.3228,0.5601,0.1245,0.7044,0.1667,0.0635000000000003,0.0545,-0.5605,0.0762
"380",1.106,1.1108,0.9814,0.9864,1.1413,0.00119999999999987,0.00629999999999997,0.5017,-0.0442,0.6065,0.0722,-0.0655999999999999,-0.0356000000000001,-0.4978,0.0735000000000001
"381",1.0267,1.0314,0.9684,0.9732,1.0855,0.2665,0.2726,0.4938,0.0900000000000003,0.6018,0.0254000000000003,-0.0978999999999997,-0.0903999999999998,-0.68,-0.0276999999999998
"382",0.9043,0.9092,0.8485,0.8534,0.9624,0.1517,0.1577,0.3902,-0.0308000000000002,0.494,-0.0649000000000002,-0.1795,-0.1782,-0.7751,-0.1341
"383",3.1268,3.129,2.8807,2.8873,3.0027,1.3577,1.3409,2.0732,0.666,2.3186,1.0269,0.1775,-0.8155,0.359500000000001,-1.5456
"384",1.2021,1.2023,1.0918,1.0996,1.1869,0.3713,0.3715,1.0041,0.8028,0.9205,0.4985,0.5132,0.4796,0.00769999999999982,0.5923
"385",0.094,0.094,0.094,0.094,0.094,0.094,0.094,0.094,0.0939,0.094,0.094,-0.0762,-0.0264,-0.3225,0.065
"386",1.1137,1.2227,1.0576,1.1711,1.1031,0.784,1.0803,0.9584,0.825,0.9099,0.6392,0.674,0.5832,0.2148,0.5094
"387",1.234,1.3117,1.1245,1.1985,1.2074,0.1715,0.3185,0.7978,0.5281,0.7759,0.4062,0.3703,0.185,-0.1675,-0.1092
"388",0.9016,0.9515,0.7429,0.7931,0.8528,-0.349600000000001,-0.2592,0.4221,-0.0139,0.3891,-0.1075,-0.1734,-0.4698,-0.5236,-0.9008
"389",2.3933,2.3903,2.255,2.2636,2.3507,1.9817,1.9791,1.6014,0.3706,1.6595,0.4624,-0.519,-1.2534,-0.2371,-1.916
"390",0.5286,0.5426,0.5013,0.515,0.5509,-0.1384,-0.1134,0.2855,0.2166,0.316,0.158,0.2356,0.1018,-0.3438,-0.1078
"391",1.2467,1.2471,1.0512,1.0567,1.145,0.5671,0.5707,1.0142,0.4306,0.8093,0.1663,0.0175000000000001,-0.1004,-0.3677,-0.1898
"392",0.38,0.4047,0.2987,0.3227,0.3631,-0.2069,-0.2104,0.0499000000000001,-0.1094,0.0811000000000001,-0.1333,-0.0949,-0.1709,-0.6469,-0.3177
"393",0.4277,0.4516,0.2782,0.3073,0.3553,-0.2744,-0.232,0.1563,-0.2764,0.0513,-0.4299,-0.5135,-0.5828,-0.9827,-0.6828
"394",0.2699,0.1116,0.2734,0.1195,0.2277,-0.172,0.1379,0.1986,0.1731,0.2808,0.2556,0.3528,0.2526,-0.2791,0.0478
"395",0.2368,0.2331,0.1214,0.1164,0.1871,-0.437,-0.449,-0.1911,-0.8993,-0.075,-0.9602,-1.3691,-1.9036,-1.3041,-2.5293
"396",1.4589,1.4597,1.3725,1.374,1.4179,1.5681,1.5722,1.2477,0.5856,0.9994,-0.0909,-0.838,-1.3061,-0.8645,-1.9266
"397",1.4062,1.4065,1.3181,1.3202,1.3651,1.5169,1.4849,1.1855,0.5204,0.9529,-0.1319,-0.8709,-1.3691,-0.7243,-1.9208
"398",0.3203,0.4689,0.1917,0.3378,0.2743,-0.6965,-0.1799,-0.1477,-0.7047,-0.126,-0.9459,-1.2516,-1.5715,-1.6153,-2.061
"399",2.5985,2.5999,2.1426,2.1444,2.345,0.3221,0.2862,1.5677,0.2623,1.5844,0.8439,0.4796,0.1038,0.2452,-0.3793
"400",-0.4478,-0.447,-0.5001,-0.4945,-0.4774,-0.249,-0.2665,-0.6048,-1.0375,-0.7866,-1.9259,-2.4736,-3.4743,-2.692,-4.359
"401",1.4672,1.4942,1.432,1.4791,1.4845,1.0016,1.0358,1.1841,1.1778,1.1747,0.0920999999999998,-0.52,-0.7456,-0.6065,-0.638
"402",2.9899,2.995,2.5972,2.5995,2.7611,-0.0329999999999995,-0.00399999999999956,1.4755,-0.607700000000001,2.0904,0.536799999999999,-0.6288,-2.1063,-0.120100000000001,-2.8369
"403",0.4354,0.4336,0.3969,0.3959,0.4282,0.1044,0.0827,0.3203,0.193,0.2703,0.0278999999999999,0.0952,0.00619999999999998,-0.5459,-0.104
"404",-0.0854000000000004,-0.0714999999999999,-0.1386,-0.1228,-0.1003,0.0600000000000001,0.0689000000000002,-0.4134,-0.9898,-0.5572,-1.642,-2.2196,-3.1095,-2.0081,-3.8449
"405",2.9909,3.0114,2.8356,2.8556,2.9428,1.4638,1.4827,2.2359,1.1728,2.3681,1.3482,0.7607,0.3367,0.821499999999999,-0.144500000000001
"406",0.9114,0.9233,0.8917,0.8933,0.9061,0.8063,0.8015,0.9122,0.6519,0.8444,0.3099,0.1545,-0.3641,-0.1592,-0.9122
"407",2.0797,2.1164,1.8679,1.9035,1.9997,0.4857,0.5212,1.6015,0.8074,1.4434,0.8888,0.751500000000001,0.657,0.221,0.4732
"408",1.8045,1.9414,1.6449,1.7775,1.7515,0.3174,0.4616,1.3311,0.7301,1.1949,0.7692,0.6711,0.6313,0.1133,0.5194
"409",0.8635,0.8641,0.6414,0.6629,0.7394,0.2586,0.2576,-0.0152999999999999,-1.4843,0.1671,-1.3032,-2.336,-3.0622,-1.5723,-3.7776
"410",2.0992,2.0979,1.9824,1.9853,2.0531,1.9163,1.9049,1.5667,0.5087,1.4492,0.421,-0.4054,-0.8833,-0.1432,-1.3575
"411",1.8291,1.9353,1.6666,1.7962,1.7649,1.3668,1.5443,1.3966,0.1397,1.346,0.3837,-0.1496,-0.4533,-0.2914,-0.9419
"412",1.5182,1.5343,1.4251,1.4423,1.4758,1.5482,1.5675,1.2887,0.6002,1.0636,-0.0261,-0.7709,-1.3008,-0.6902,-1.8105
"413",-0.0679000000000001,-0.0283,-0.1396,-0.1005,-0.0638000000000001,-0.4029,-0.3466,-0.2218,-0.7151,-0.5324,-0.9522,-1.1473,-1.1689,-1.5678,-1.2992
"414",0.8441,0.8779,0.7197,0.7586,0.8005,0.646,0.7111,0.5,-0.3914,0.4247,-0.399,-0.7099,-1.1574,-1.0296,-1.6619
"415",0.9993,1.1066,0.9234,1.0365,0.9939,0.591,0.7012,0.6246,0.2006,0.6545,-0.1623,-0.4513,-0.9047,-0.8162,-1.4768
"416",0.5088,0.62,0.426,0.5463,0.4966,0.0319000000000003,0.1834,0.0809000000000002,-0.3735,0.1164,-0.724,-1.0693,-1.4934,-1.1873,-1.7611
"417",1.5875,1.6912,1.496,1.6058,1.5476,2.6268,2.8763,1.0179,0.367900000000001,0.9794,-0.2325,-0.93,-1.2632,-0.8548,-1.6857
"418",1.3993,1.5221,1.2605,1.3834,1.3775,0.9857,1.2288,0.9882,0.3915,0.8066,0.2999,0.1178,0.0673000000000004,-0.3796,-0.0719999999999996
"419",1.0089,1.2533,0.9203,1.1641,1.0057,0.8225,1.2237,0.6274,0.213,0.4544,0.0935999999999999,-0.0531000000000001,-0.0504,-0.579,-0.1432
"420",1.3635,1.2301,1.3208,1.2281,1.3827,1.0627,1.3511,1.0454,0.8065,0.9698,0.7248,0.6834,0.6752,0.0861000000000001,0.6111
"421",0.9509,0.956,0.8693,0.8752,0.9055,1.0208,1.0219,0.8015,0.0663999999999998,0.5297,-0.627,-1.4451,-2.2654,-1.2447,-2.9055
"422",1.3354,1.3357,1.2378,1.2397,1.2836,1.4146,1.4057,1.1457,0.4052,0.868,-0.2469,-1.0642,-2.0166,-0.897600000000001,-2.7171
"423",1.3575,1.4326,1.1684,1.2552,1.2809,0.0129000000000001,0.1056,0.8346,0.4507,0.9611,0.4299,0.4871,0.2835,-0.0865,0.0273000000000003
"424",1.0518,1.1305,0.9311,1.0142,1.0022,-0.0315000000000001,0.0649,0.6551,0.4225,0.7923,0.0834999999999999,-0.1212,-0.1532,-0.5105,-0.328
"425",0.3258,0.4698,0.2344,0.368,0.2811,-0.1019,0.1059,0.0535000000000001,-0.1745,0.1107,-0.359,-0.3974,-0.5696,-0.6855,-0.6691
"426",0.00590000000000002,0.2506,-0.0916000000000001,0.1605,-0.0411000000000001,-0.3572,0.0192999999999999,-0.2601,-0.4071,-0.2555,-0.6472,-0.6418,-0.7477,-1.2597,-0.7958
"427",0.5149,0.5858,0.4108,0.4876,0.4841,-0.1926,-0.1034,0.2429,0.0296000000000001,0.2038,-0.1333,-0.0928,-0.257,-0.7344,-0.5377
"428",1.3,1.3,1.3,1.3,1.3,1.3,1.3,1.3,1.3,1.3,1.3,1.3,1.2825,0.9393,1.1151
"429",0.9282,1.2452,0.7763,1.0891,0.878,-0.24,-0.0161000000000002,0.4008,-0.00310000000000032,0.4207,0.1668,0.194,0.0749999999999997,-0.0815000000000001,0.0900999999999996
"430",1.0038,1.4862,0.8118,1.3188,0.9388,-0.8473,-0.0939999999999999,0.3002,-0.1722,0.3933,0.1238,0.1068,-0.0339,-0.4942,-0.3946
"431",1.263,1.5369,1.0454,1.3309,1.1856,-0.7074,-0.1231,0.5295,-0.137,0.6394,0.2579,0.2181,-0.00349999999999984,-0.3839,-0.471
"432",0.9525,1.0205,0.866,0.936,0.916,0.1477,0.2644,0.5843,0.4005,0.584,0.3608,0.4245,0.3195,-0.2159,0.1929
"433",0.6328,1.3928,0.4764,1.2461,0.5759,-1.035,-0.00449999999999973,0.00099999999999989,-0.3366,0.1954,-0.1409,-0.0396000000000001,-0.1985,-0.7391,-0.4556
"434",0.9901,1.4271,0.8503,1.2885,0.9485,-0.5119,0.2141,0.4796,0.1503,0.4488,0.262,0.3072,0.1649,-0.2846,-0.0546000000000002
"435",1.1477,1.4401,0.9725,1.2697,1.086,-0.7353,-0.0786000000000002,0.5354,0.1601,0.636,0.3969,0.4931,0.2768,-0.2212,-0.1481
"436",1.19,1.19,1.19,1.19,1.19,0.7393,0.7397,1.1124,0.9656,1.0698,0.7601,0.8164,0.6982,0.1647,0.471
"437",0.6317,0.7019,0.5318,0.6037,0.5911,-0.1341,-0.00990000000000002,0.3048,0.11,0.2376,0.0303,0.0776,-0.00630000000000008,-0.5505,-0.1085
"438",0.8505,0.8704,0.7198,0.7472,0.7988,0.1693,0.1697,0.574,0.2223,0.5268,0.0178,-0.0306,-0.1688,-0.6187,-0.442
"439",0.7414,0.8143,0.6136,0.6877,0.7087,0.0557000000000001,0.0891,0.4236,-0.0653999999999999,0.3755,0.1105,0.157,0.00190000000000001,-0.5122,-0.3332
"440",0.3341,0.421,0.2412,0.3093,0.3019,-0.2451,-0.1524,0.0760000000000001,-0.2713,-0.0491999999999999,-0.2351,-0.1738,-0.2929,-0.8246,-0.5801
"441",0.85,0.85,0.85,0.85,0.85,0.4166,0.6244,0.7811,0.5637,0.6837,0.4202,0.3872,0.3674,-0.1681,0.2748
"442",0.7161,0.73,0.6194,0.6514,0.6822,0.0723,0.0895,0.4426,0.2123,0.4035,0.0580999999999999,0.0473,-0.0511,-0.5437,-0.2648
"443",0.3953,0.3959,0.3401,0.3438,0.3838,0.1302,0.1113,0.2953,0.1296,0.1369,-0.1941,-0.1345,-0.3335,-0.8341,-0.6203
"444",0.3345,0.3368,0.2707,0.2742,0.3038,0.2902,0.2896,0.2842,0.0441,0.0370000000000001,-0.5343,-0.6729,-0.7863,-0.9905,-0.9255
"445",0.4417,0.4863,0.353,0.4047,0.4,-0.0390999999999999,0.0446000000000002,0.3141,0.1605,0.2428,-0.1831,-0.1422,-0.2527,-0.8076,-0.3917
"446",0.3122,0.3845,0.2513,0.3252,0.289,-0.1443,0.0501,0.1674,0.0669999999999999,0.0997999999999999,-0.2275,-0.162,-0.257,-0.8047,-0.2868
"447",3.4935,3.6912,3.0283,3.4743,3.1926,0.413699999999999,0.917199999999999,2.4264,1.1406,2.3587,1.9111,1.72,1.4203,1.373,0.903099999999998
"448",4.8519,4.7719,4.6593,4.6681,4.7439,4.2794,4.2909,4.0166,3.0696,3.8457,2.2976,1.0063,-0.4518,1.5282,-0.263299999999999
"449",-0.1153,-0.0857,-0.1357,-0.1055,-0.1232,-0.0853,-0.0453,-0.0035,-0.1846,-0.251,-0.2831,0.0321,-0.2875,-0.8996,-0.521
"450",-0.1187,0.0787,-0.2549,-0.0573,-0.2181,-0.1262,0.0722,-0.1675,-0.4451,-0.0651,-0.7635,-0.5736,-0.7828,-1.3929,-0.9716
"451",1.1513,1.1939,0.9764,1.0178,1.0776,-0.0345,-0.00850000000000017,0.751,0.181,0.5701,0.0089999999999999,-0.1308,-0.1842,-0.5746,0.0448
"452",0.8186,0.8313,0.7021,0.72,0.7653,0.1626,0.1771,0.592,0.2212,0.5296,0.0626,0.0155999999999999,-0.0790000000000001,-0.539,-0.3006
"453",0.7564,0.8892,0.5208,0.6532,0.6225,-0.3022,-0.1663,0.1778,-0.5573,0.1422,-0.5039,-0.8323,-0.8052,-1.1019,-0.9779
"454",0.3971,0.6802,0.2921,0.5705,0.3553,-0.4505,-0.1244,0.0133000000000001,-0.2957,0.103,-0.3399,-0.3791,-0.4416,-0.9487,-0.6313
"455",1.0549,1.1313,0.8557,0.9321,0.9131,0.5491,0.6308,0.6475,-0.032,0.6963,0.000899999999999901,-0.3191,-0.2118,-0.5597,-0.3161
"456",1.5946,1.5961,1.6033,1.6078,1.6468,0.7008,0.7013,0.9161,0.4533,1.3171,0.236,-0.311,-0.668800000000001,-0.42,-1.1664
"457",0.8543,0.8662,0.7126,0.7264,0.7839,0.1674,0.1768,0.5241,0.1064,0.4804,-0.0484,-0.0735999999999999,-0.2028,-0.6773,-0.4514
"458",0.4354,0.7183,0.2433,0.5207,0.3359,-0.4513,-0.1521,-0.0151000000000001,-0.5519,0.0194000000000001,-0.5815,-0.7589,-0.7429,-1.1665,-0.8555
"459",2.6996,2.7186,2.6356,2.6568,2.7398,0.4059,0.4087,1.5866,0.8842,2.2983,0.9284,-0.0373000000000001,-0.6892,0.3046,-1.3736
"460",0.7536,0.7541,0.6514,0.6572,0.7296,-0.00170000000000003,-0.000600000000000156,0.4978,0.1547,0.3924,-0.0597000000000001,-0.0722,-0.2189,-0.701,-0.4294
"461",1.8177,1.8397,1.5764,1.5977,1.714,-0.0131000000000001,0.0162,0.9992,0.0753999999999997,1.0972,0.3406,-0.0990000000000002,-0.1278,-0.3147,-0.4378
"462",1.9743,1.9961,1.7289,1.75,1.8653,0.1702,0.1995,1.1628,0.244,1.2467,0.4965,0.0604,0.028,-0.146199999999999,-0.2669
"463",0.4585,0.4779,0.3702,0.3909,0.4065,-0.0778,0.0111,0.1869,-0.1135,0.3585,-0.1641,-0.2024,-0.2027,-0.6815,-0.204
"464",1.7733,1.9031,1.5146,1.6405,1.6346,0.1899,0.3378,1.0056,0.1249,1.1096,0.4004,-0.0366,0.0598999999999998,-0.2201,-0.1628
"465",0.8869,0.9475,0.7909,0.8509,0.8913,0.4825,0.5512,0.4656,0.1788,0.566,0.1802,0.1632,0.1028,-0.442,-0.0501
"466",0.823,0.8274,0.6996,0.7051,0.8213,-0.3236,-0.2869,0.4446,0.0869,0.4577,0.0178,-0.0169999999999999,-0.0758000000000001,-0.591,-0.1567
"467",0.7316,0.7381,0.6162,0.7169,0.6915,0.1895,0.2952,0.4118,-0.2465,0.4623,-0.1881,-0.4714,-0.3686,-0.7581,-0.4821
"468",2.3732,2.3831,2.2913,2.3056,2.3776,1.3841,1.3623,1.5731,0.6752,1.7828,0.5385,-0.4674,-1.0717,0.0145999999999997,-1.7142
"469",0.8889,0.9106,0.6975,0.7207,0.7787,0.1554,0.1748,0.4357,-0.1667,0.411,-0.191,-0.4273,-0.399,-0.8088,-0.516
"470",0.3811,0.4,0.3833,0.3927,0.383,0.3183,0.3883,0.3799,-0.1282,0.3824,-0.2407,-0.4691,-0.3733,-0.7901,-0.4387
"471",0.9439,0.9581,0.8848,0.8988,0.9567,0.5991,0.5753,0.8074,0.3909,0.5165,0.1036,-0.0199,-0.0997000000000001,-0.4687,-0.2111
"472",0.8521,1.0059,0.8225,0.9693,0.8769,0.497,0.6135,0.6466,0.3649,0.4639,0.1587,0.0657999999999999,0.0411999999999999,-0.4143,-0.0398000000000001
